path,variant,seed_label,log_index,loss,grad_norm,learning_rate,entropy,num_tokens,mean_token_accuracy,epoch
finetune/logs/run_20260729_191301/B_facts.train.log,B_facts,unsuffixed,1,4.745,6.488,4.286e-05,0.5307,6323.0,0.5809,0.04374
finetune/logs/run_20260729_191301/B_facts.train.log,B_facts,unsuffixed,2,1.039,1.297,9.048e-05,0.807,12670.0,0.7983,0.08748
finetune/logs/run_20260729_191301/B_facts.train.log,B_facts,unsuffixed,3,0.5431,0.9447,9.996e-05,0.5206,18990.0,0.8835,0.1312
finetune/logs/run_20260729_191301/B_facts.train.log,B_facts,unsuffixed,4,0.442,0.915,9.982e-05,0.4543,25380.0,0.9012,0.175
finetune/logs/run_20260729_191301/B_facts.train.log,B_facts,unsuffixed,5,0.4443,0.6873,9.956e-05,0.3894,31740.0,0.9153,0.2187
finetune/logs/run_20260729_191301/B_facts.train.log,B_facts,unsuffixed,6,0.4519,0.9756,9.92e-05,0.4085,38000.0,0.899,0.2624
finetune/logs/run_20260729_191301/B_facts.train.log,B_facts,unsuffixed,7,0.4159,0.9033,9.872e-05,0.4143,44350.0,0.9103,0.3062
finetune/logs/run_20260729_191301/B_facts.train.log,B_facts,unsuffixed,8,0.3884,0.6416,9.814e-05,0.3607,50740.0,0.9141,0.3499
finetune/logs/run_20260729_191301/B_facts.train.log,B_facts,unsuffixed,9,0.4331,0.5318,9.745e-05,0.3715,57170.0,0.919,0.3937
finetune/logs/run_20260729_191301/B_facts.train.log,B_facts,unsuffixed,10,0.3541,0.4762,9.665e-05,0.402,63650.0,0.9203,0.4374
finetune/logs/run_20260729_191301/B_facts.train.log,B_facts,unsuffixed,11,0.2978,0.7496,9.575e-05,0.2636,70020.0,0.9333,0.4811
finetune/logs/run_20260729_191301/B_facts.train.log,B_facts,unsuffixed,12,0.4129,0.4848,9.475e-05,0.317,76450.0,0.9134,0.5249
finetune/logs/run_20260729_191301/B_facts.train.log,B_facts,unsuffixed,13,0.3294,0.5346,9.365e-05,0.3371,82780.0,0.9199,0.5686
finetune/logs/run_20260729_191301/B_facts.train.log,B_facts,unsuffixed,14,0.474,0.5303,9.245e-05,0.4273,89180.0,0.9169,0.6124
finetune/logs/run_20260729_191301/B_facts.train.log,B_facts,unsuffixed,15,0.3313,0.4398,9.116e-05,0.3055,95500.0,0.9234,0.6561
finetune/logs/run_20260729_191301/B_facts.train.log,B_facts,unsuffixed,16,0.3349,0.6786,8.978e-05,0.2802,101900.0,0.9268,0.6998
finetune/logs/run_20260729_191301/B_facts.train.log,B_facts,unsuffixed,17,0.3024,0.3815,8.83e-05,0.2862,108300.0,0.9279,0.7436
finetune/logs/run_20260729_191301/B_facts.train.log,B_facts,unsuffixed,18,0.3726,0.385,8.674e-05,0.3339,114600.0,0.9162,0.7873
finetune/logs/run_20260729_191301/B_facts.train.log,B_facts,unsuffixed,19,0.4019,0.6403,8.51e-05,0.3283,121100.0,0.9192,0.8311
finetune/logs/run_20260729_191301/B_facts.train.log,B_facts,unsuffixed,20,0.2075,0.4436,8.339e-05,0.2352,127400.0,0.9434,0.8748
finetune/logs/run_20260729_191301/B_facts.train.log,B_facts,unsuffixed,21,0.3243,0.3655,8.159e-05,0.2755,133700.0,0.9317,0.9185
finetune/logs/run_20260729_191301/B_facts.train.log,B_facts,unsuffixed,22,0.4494,0.7552,7.973e-05,0.3645,140200.0,0.917,0.9623
finetune/logs/run_20260729_191301/B_facts.train.log,B_facts,unsuffixed,23,0.3371,0.3399,7.78e-05,0.2899,146300.0,0.926,1.004
finetune/logs/run_20260729_191301/B_facts.train.log,B_facts,unsuffixed,24,0.3477,0.5758,7.581e-05,0.3456,152700.0,0.9194,1.048
finetune/logs/run_20260729_191301/B_facts.train.log,B_facts,unsuffixed,25,0.2289,0.5424,7.376e-05,0.2299,159000.0,0.948,1.092
finetune/logs/run_20260729_191301/B_facts.train.log,B_facts,unsuffixed,26,0.2377,0.4729,7.166e-05,0.2419,165400.0,0.9315,1.136
finetune/logs/run_20260729_191301/B_facts.train.log,B_facts,unsuffixed,27,0.2527,0.6313,6.951e-05,0.2517,171700.0,0.9318,1.179
finetune/logs/run_20260729_191301/B_facts.train.log,B_facts,unsuffixed,28,0.3338,0.4748,6.732e-05,0.276,178200.0,0.9266,1.223
finetune/logs/run_20260729_191301/B_facts.train.log,B_facts,unsuffixed,29,0.2598,0.6469,6.509e-05,0.2725,184500.0,0.932,1.267
finetune/logs/run_20260729_191301/B_facts.train.log,B_facts,unsuffixed,30,0.2554,0.7945,6.283e-05,0.2478,190900.0,0.929,1.311
finetune/logs/run_20260729_191301/B_facts.train.log,B_facts,unsuffixed,31,0.2781,0.9567,6.053e-05,0.2429,197200.0,0.9332,1.354
finetune/logs/run_20260729_191301/B_facts.train.log,B_facts,unsuffixed,32,0.26,0.7175,5.822e-05,0.2543,203600.0,0.9348,1.398
finetune/logs/run_20260729_191301/B_facts.train.log,B_facts,unsuffixed,33,0.3041,0.6077,5.588e-05,0.3085,209900.0,0.9284,1.442
finetune/logs/run_20260729_191301/B_facts.train.log,B_facts,unsuffixed,34,0.3,0.2562,5.353e-05,0.2693,216300.0,0.931,1.486
finetune/logs/run_20260729_191301/B_facts.train.log,B_facts,unsuffixed,35,0.2898,0.2716,5.118e-05,0.2806,222700.0,0.9342,1.529
finetune/logs/run_20260729_191301/B_facts.train.log,B_facts,unsuffixed,36,0.2501,0.8715,4.882e-05,0.2446,228900.0,0.9392,1.573
finetune/logs/run_20260729_191301/B_facts.train.log,B_facts,unsuffixed,37,0.3093,0.7702,4.647e-05,0.2707,235300.0,0.9271,1.617
finetune/logs/run_20260729_191301/B_facts.train.log,B_facts,unsuffixed,38,0.2604,0.8378,4.412e-05,0.2441,241900.0,0.9301,1.66
finetune/logs/run_20260729_191301/B_facts.train.log,B_facts,unsuffixed,39,0.2825,0.5333,4.178e-05,0.2674,248200.0,0.9295,1.704
finetune/logs/run_20260729_191301/B_facts.train.log,B_facts,unsuffixed,40,0.356,0.8145,3.947e-05,0.3433,254600.0,0.9173,1.748
finetune/logs/run_20260729_191301/B_facts.train.log,B_facts,unsuffixed,41,0.3181,0.675,3.717e-05,0.3059,261000.0,0.924,1.792
finetune/logs/run_20260729_191301/B_facts.train.log,B_facts,unsuffixed,42,0.387,1.414,3.491e-05,0.3135,267500.0,0.9129,1.835
finetune/logs/run_20260729_191301/B_facts.train.log,B_facts,unsuffixed,43,0.2449,0.5313,3.268e-05,0.2529,273800.0,0.9331,1.879
finetune/logs/run_20260729_191301/B_facts.train.log,B_facts,unsuffixed,44,0.3256,0.444,3.049e-05,0.2925,280200.0,0.9337,1.923
finetune/logs/run_20260729_191301/B_facts.train.log,B_facts,unsuffixed,45,0.2602,0.4341,2.834e-05,0.2687,286500.0,0.9326,1.967
finetune/logs/run_20260729_191301/B_facts.train.log,B_facts,unsuffixed,46,0.2426,0.3089,2.624e-05,0.246,292500.0,0.9323,2.009
finetune/logs/run_20260729_191301/B_facts.train.log,B_facts,unsuffixed,47,0.2663,0.2912,2.419e-05,0.2548,299000.0,0.938,2.052
finetune/logs/run_20260729_191301/B_facts.train.log,B_facts,unsuffixed,48,0.2291,0.9763,2.22e-05,0.248,305400.0,0.9434,2.096
finetune/logs/run_20260729_191301/B_facts.train.log,B_facts,unsuffixed,49,0.175,0.4241,2.027e-05,0.1802,311800.0,0.9462,2.14
finetune/logs/run_20260729_191301/B_facts.train.log,B_facts,unsuffixed,50,0.1948,0.3492,1.841e-05,0.1731,318100.0,0.9447,2.184
finetune/logs/run_20260729_191301/B_facts.train.log,B_facts,unsuffixed,51,0.2109,2.087,1.661e-05,0.2028,324400.0,0.9406,2.227
finetune/logs/run_20260729_191301/B_facts.train.log,B_facts,unsuffixed,52,0.1992,0.5793,1.49e-05,0.1999,330900.0,0.9403,2.271
finetune/logs/run_20260729_191301/B_facts.train.log,B_facts,unsuffixed,53,0.1767,3.219,1.326e-05,0.1938,337300.0,0.9513,2.315
finetune/logs/run_20260729_191301/B_facts.train.log,B_facts,unsuffixed,54,0.234,0.825,1.17e-05,0.2193,343600.0,0.9408,2.359
finetune/logs/run_20260729_191301/B_facts.train.log,B_facts,unsuffixed,55,0.2043,1.258,1.022e-05,0.1838,349900.0,0.946,2.402
finetune/logs/run_20260729_191301/B_facts.train.log,B_facts,unsuffixed,56,0.1913,0.6492,8.841e-06,0.1741,356300.0,0.9472,2.446
finetune/logs/run_20260729_191301/B_facts.train.log,B_facts,unsuffixed,57,0.1769,0.8009,7.548e-06,0.1746,362700.0,0.9446,2.49
finetune/logs/run_20260729_191301/B_facts.train.log,B_facts,unsuffixed,58,0.1465,0.6814,6.349e-06,0.1543,369100.0,0.9562,2.534
finetune/logs/run_20260729_191301/B_facts.train.log,B_facts,unsuffixed,59,0.1757,0.4454,5.248e-06,0.1754,375400.0,0.9503,2.577
finetune/logs/run_20260729_191301/B_facts.train.log,B_facts,unsuffixed,60,0.2558,1.122,4.246e-06,0.2622,381800.0,0.9342,2.621
finetune/logs/run_20260729_191301/B_facts.train.log,B_facts,unsuffixed,61,0.1628,0.5591,3.346e-06,0.1599,388100.0,0.9497,2.665
finetune/logs/run_20260729_191301/B_facts.train.log,B_facts,unsuffixed,62,0.177,0.5313,2.55e-06,0.1978,394500.0,0.949,2.709
finetune/logs/run_20260729_191301/B_facts.train.log,B_facts,unsuffixed,63,0.2029,1.365,1.86e-06,0.2062,400900.0,0.9369,2.752
finetune/logs/run_20260729_191301/B_facts.train.log,B_facts,unsuffixed,64,0.1975,1.121,1.276e-06,0.1988,407300.0,0.9465,2.796
finetune/logs/run_20260729_191301/B_facts.train.log,B_facts,unsuffixed,65,0.1898,0.4254,8.011e-07,0.1938,413500.0,0.9485,2.84
finetune/logs/run_20260729_191301/B_facts.train.log,B_facts,unsuffixed,66,0.1898,0.8319,4.355e-07,0.2054,419900.0,0.9362,2.884
finetune/logs/run_20260729_191301/B_facts.train.log,B_facts,unsuffixed,67,0.1604,1.569,1.801e-07,0.1649,426400.0,0.9535,2.927
finetune/logs/run_20260729_191301/B_facts.train.log,B_facts,unsuffixed,68,0.1747,0.7206,3.56e-08,0.1716,432700.0,0.9526,2.971
finetune/logs/run_20260729_191301/C_answers.train.log,C_answers,unsuffixed,1,4.238,2.276,0.0001,0.9933,7067.0,0.5285,0.1001
finetune/logs/run_20260729_191301/C_answers.train.log,C_answers,unsuffixed,2,1.425,1.331,9.971e-05,1.302,14620.0,0.7524,0.2003
finetune/logs/run_20260729_191301/C_answers.train.log,C_answers,unsuffixed,3,0.968,1.856,9.884e-05,0.7317,22200.0,0.827,0.3004
finetune/logs/run_20260729_191301/C_answers.train.log,C_answers,unsuffixed,4,0.925,1.795,9.74e-05,0.7041,29570.0,0.8374,0.4005
finetune/logs/run_20260729_191301/C_answers.train.log,C_answers,unsuffixed,5,0.8735,1.035,9.541e-05,0.6986,37150.0,0.8463,0.5006
finetune/logs/run_20260729_191301/C_answers.train.log,C_answers,unsuffixed,6,0.7552,1.6,9.289e-05,0.593,44780.0,0.8643,0.6008
finetune/logs/run_20260729_191301/C_answers.train.log,C_answers,unsuffixed,7,0.5276,1.104,8.987e-05,0.4604,52120.0,0.8939,0.7009
finetune/logs/run_20260729_191301/C_answers.train.log,C_answers,unsuffixed,8,0.4936,1.21,8.639e-05,0.4437,59410.0,0.8955,0.801
finetune/logs/run_20260729_191301/C_answers.train.log,C_answers,unsuffixed,9,0.5408,1.237,8.248e-05,0.4551,67040.0,0.8857,0.9011
finetune/logs/run_20260729_191301/C_answers.train.log,C_answers,unsuffixed,10,0.4759,0.9128,7.82e-05,0.3701,74030.0,0.8973,1.0
finetune/logs/run_20260729_191301/C_answers.train.log,C_answers,unsuffixed,11,0.3974,0.9962,7.358e-05,0.3692,81520.0,0.9155,1.1
finetune/logs/run_20260729_191301/C_answers.train.log,C_answers,unsuffixed,12,0.4434,2.261,6.87e-05,0.4044,88830.0,0.8922,1.2
finetune/logs/run_20260729_191301/C_answers.train.log,C_answers,unsuffixed,13,0.4126,1.147,6.359e-05,0.3259,95860.0,0.901,1.3
finetune/logs/run_20260729_191301/C_answers.train.log,C_answers,unsuffixed,14,0.4691,1.212,5.833e-05,0.4266,103300.0,0.8927,1.401
finetune/logs/run_20260729_191301/C_answers.train.log,C_answers,unsuffixed,15,0.4427,1.27,5.297e-05,0.4099,111100.0,0.8985,1.501
finetune/logs/run_20260729_191301/C_answers.train.log,C_answers,unsuffixed,16,0.3791,0.8341,4.757e-05,0.3325,118700.0,0.9124,1.601
finetune/logs/run_20260729_191301/C_answers.train.log,C_answers,unsuffixed,17,0.4169,1.433,4.22e-05,0.3408,126100.0,0.906,1.701
finetune/logs/run_20260729_191301/C_answers.train.log,C_answers,unsuffixed,18,0.3504,1.391,3.693e-05,0.2741,133900.0,0.9275,1.801
finetune/logs/run_20260729_191301/C_answers.train.log,C_answers,unsuffixed,19,0.3435,1.031,3.18e-05,0.3097,140800.0,0.9179,1.901
finetune/logs/run_20260729_191301/C_answers.train.log,C_answers,unsuffixed,20,0.3552,0.6355,2.689e-05,0.3097,148100.0,0.9131,2.0
finetune/logs/run_20260729_191301/C_answers.train.log,C_answers,unsuffixed,21,0.254,0.9666,2.225e-05,0.2721,155100.0,0.9395,2.1
finetune/logs/run_20260729_191301/C_answers.train.log,C_answers,unsuffixed,22,0.277,1.758,1.793e-05,0.2387,162300.0,0.9324,2.2
finetune/logs/run_20260729_191301/C_answers.train.log,C_answers,unsuffixed,23,0.2858,0.8388,1.398e-05,0.2417,169700.0,0.9309,2.3
finetune/logs/run_20260729_191301/C_answers.train.log,C_answers,unsuffixed,24,0.2312,1.603,1.046e-05,0.2336,177100.0,0.9287,2.401
finetune/logs/run_20260729_191301/C_answers.train.log,C_answers,unsuffixed,25,0.2836,1.463,7.389e-06,0.2623,184300.0,0.9234,2.501
finetune/logs/run_20260729_191301/C_answers.train.log,C_answers,unsuffixed,26,0.3141,1.969,4.819e-06,0.2943,191900.0,0.92,2.601
finetune/logs/run_20260729_191301/C_answers.train.log,C_answers,unsuffixed,27,0.287,1.193,2.774e-06,0.2633,199300.0,0.9223,2.701
finetune/logs/run_20260729_191301/C_answers.train.log,C_answers,unsuffixed,28,0.2341,1.332,1.279e-06,0.2443,206200.0,0.9333,2.801
finetune/logs/run_20260729_191301/C_answers.train.log,C_answers,unsuffixed,29,0.2511,1.667,3.522e-07,0.1935,214400.0,0.9432,2.901
finetune/logs/run_20260729_191301/C_answers.train.log,C_answers,unsuffixed,30,0.2651,1.705,2.914e-09,0.2514,222100.0,0.9294,3.0
finetune/logs/run_20260729_191301/D_sql.train.log,D_sql,unsuffixed,1,0.5101,0.5632,0.0001,0.06519,78530.0,0.9162,0.1001
finetune/logs/run_20260729_191301/D_sql.train.log,D_sql,unsuffixed,2,0.03446,0.1314,9.971e-05,0.05271,157000.0,0.9914,0.2003
finetune/logs/run_20260729_191301/D_sql.train.log,D_sql,unsuffixed,3,0.01698,0.03715,9.884e-05,0.01891,235400.0,0.9979,0.3004
finetune/logs/run_20260729_191301/D_sql.train.log,D_sql,unsuffixed,4,0.0009064,0.01949,9.74e-05,0.004714,313600.0,1.0,0.4005
finetune/logs/run_20260729_191301/D_sql.train.log,D_sql,unsuffixed,5,9.229e-05,0.000541,9.541e-05,0.0006161,391800.0,1.0,0.5006
finetune/logs/run_20260729_191301/D_sql.train.log,D_sql,unsuffixed,6,0.000195,0.0005039,9.289e-05,0.0008821,470300.0,1.0,0.6008
finetune/logs/run_20260729_191301/D_sql.train.log,D_sql,unsuffixed,7,2.387e-05,0.001092,8.987e-05,0.000201,548400.0,1.0,0.7009
finetune/logs/run_20260729_191301/D_sql.train.log,D_sql,unsuffixed,8,8.334e-05,0.0002373,8.639e-05,0.0004677,626700.0,1.0,0.801
finetune/logs/run_20260729_191301/D_sql.train.log,D_sql,unsuffixed,9,0.00202,0.0002075,8.248e-05,0.00139,704900.0,0.9991,0.9011
finetune/logs/run_20260729_191301/D_sql.train.log,D_sql,unsuffixed,10,2.64e-05,0.002128,7.82e-05,0.000204,782300.0,1.0,1.0
finetune/logs/run_20260729_191301/D_sql.train.log,D_sql,unsuffixed,11,4.78e-05,9.7e-05,7.358e-05,0.0003108,860500.0,1.0,1.1
finetune/logs/run_20260729_191301/D_sql.train.log,D_sql,unsuffixed,12,3.934e-05,0.000707,6.87e-05,0.0002797,938800.0,1.0,1.2
finetune/logs/run_20260729_191301/D_sql.train.log,D_sql,unsuffixed,13,1.663e-05,0.0001573,6.359e-05,0.0001514,1017000.0,1.0,1.3
finetune/logs/run_20260729_191301/D_sql.train.log,D_sql,unsuffixed,14,1.371e-05,0.0002954,5.833e-05,0.0001417,1095000.0,1.0,1.401
finetune/logs/run_20260729_191301/D_sql.train.log,D_sql,unsuffixed,15,0.0009771,0.07893,5.297e-05,0.001166,1174000.0,0.9996,1.501
finetune/logs/run_20260729_191301/D_sql.train.log,D_sql,unsuffixed,16,1.057e-05,0.0005599,4.757e-05,0.0001067,1252000.0,1.0,1.601
finetune/logs/run_20260729_191301/D_sql.train.log,D_sql,unsuffixed,17,7.631e-06,0.0002197,4.22e-05,8.119e-05,1331000.0,1.0,1.701
finetune/logs/run_20260729_191301/D_sql.train.log,D_sql,unsuffixed,18,8.832e-06,0.0002638,3.693e-05,9.672e-05,1409000.0,1.0,1.801
finetune/logs/run_20260729_191301/D_sql.train.log,D_sql,unsuffixed,19,6.362e-06,5.629e-05,3.18e-05,7.055e-05,1487000.0,1.0,1.901
finetune/logs/run_20260729_191301/D_sql.train.log,D_sql,unsuffixed,20,1.022e-05,6.47e-05,2.689e-05,0.0001064,1565000.0,1.0,2.0
finetune/logs/run_20260729_191301/D_sql.train.log,D_sql,unsuffixed,21,1.037e-05,0.0001362,2.225e-05,0.0001031,1643000.0,1.0,2.1
finetune/logs/run_20260729_191301/D_sql.train.log,D_sql,unsuffixed,22,8.898e-06,0.0003001,1.793e-05,8.78e-05,1721000.0,1.0,2.2
finetune/logs/run_20260729_191301/D_sql.train.log,D_sql,unsuffixed,23,8.092e-06,0.0003185,1.398e-05,8.47e-05,1800000.0,1.0,2.3
finetune/logs/run_20260729_191301/D_sql.train.log,D_sql,unsuffixed,24,7.978e-06,5.328e-05,1.046e-05,8.306e-05,1878000.0,1.0,2.401
finetune/logs/run_20260729_191301/D_sql.train.log,D_sql,unsuffixed,25,1.013e-05,0.0001787,7.389e-06,0.0001002,1956000.0,1.0,2.501
finetune/logs/run_20260729_191301/D_sql.train.log,D_sql,unsuffixed,26,9.123e-06,0.0001576,4.819e-06,9.203e-05,2034000.0,1.0,2.601
finetune/logs/run_20260729_191301/D_sql.train.log,D_sql,unsuffixed,27,7.894e-06,0.0002555,2.774e-06,8.108e-05,2113000.0,1.0,2.701
finetune/logs/run_20260729_191301/D_sql.train.log,D_sql,unsuffixed,28,7.559e-06,0.0003746,1.279e-06,8.425e-05,2191000.0,1.0,2.801
finetune/logs/run_20260729_191301/D_sql.train.log,D_sql,unsuffixed,29,5.129e-05,0.0001089,3.522e-07,0.000318,2270000.0,1.0,2.901
finetune/logs/run_20260729_191301/D_sql.train.log,D_sql,unsuffixed,30,6.209e-05,0.000174,2.914e-09,0.0003429,2347000.0,1.0,3.0
finetune/logs/run_20260805_150945/A_cpt.train.log,A_cpt,unsuffixed,1,2.583,1.634,8.445e-05,2.343,72450.0,0.5189,1.281
finetune/logs/run_20260805_150945/A_cpt.train.log,A_cpt,unsuffixed,2,0.9931,0.4252,3.747e-05,1.03,144900.0,0.7923,2.561
finetune/logs/run_20260805_150945/A_cpt.train.log,A_cpt,unsuffixed,3,0.7976,0.3638,2.293e-06,0.833,217300.0,0.8275,3.842
finetune/logs/run_20260805_150945/BC_facts_answers.train.log,BC_facts_answers,unsuffixed,1,4.711,8.175,3e-05,0.7093,7025.0,0.5211,0.03044
finetune/logs/run_20260805_150945/BC_facts_answers.train.log,BC_facts_answers,unsuffixed,2,1.605,1.345,6.333e-05,0.9277,13620.0,0.7125,0.06088
finetune/logs/run_20260805_150945/BC_facts_answers.train.log,BC_facts_answers,unsuffixed,3,1.001,1.541,9.667e-05,1.038,20600.0,0.8104,0.09132
finetune/logs/run_20260805_150945/BC_facts_answers.train.log,BC_facts_answers,unsuffixed,4,0.748,1.631,9.998e-05,0.5471,27560.0,0.8712,0.1218
finetune/logs/run_20260805_150945/BC_facts_answers.train.log,BC_facts_answers,unsuffixed,5,0.7176,0.8733,9.99e-05,0.5977,34280.0,0.8813,0.1522
finetune/logs/run_20260805_150945/BC_facts_answers.train.log,BC_facts_answers,unsuffixed,6,0.6336,1.048,9.977e-05,0.4936,41060.0,0.8815,0.1826
finetune/logs/run_20260805_150945/BC_facts_answers.train.log,BC_facts_answers,unsuffixed,7,0.7231,0.7156,9.959e-05,0.4787,47880.0,0.8833,0.2131
finetune/logs/run_20260805_150945/BC_facts_answers.train.log,BC_facts_answers,unsuffixed,8,0.6068,0.7205,9.935e-05,0.5557,54450.0,0.8895,0.2435
finetune/logs/run_20260805_150945/BC_facts_answers.train.log,BC_facts_answers,unsuffixed,9,0.4335,0.9493,9.907e-05,0.3979,60970.0,0.9,0.274
finetune/logs/run_20260805_150945/BC_facts_answers.train.log,BC_facts_answers,unsuffixed,10,0.5471,1.029,9.872e-05,0.4308,67450.0,0.894,0.3044
finetune/logs/run_20260805_150945/BC_facts_answers.train.log,BC_facts_answers,unsuffixed,11,0.5579,0.9764,9.833e-05,0.4662,74060.0,0.8965,0.3349
finetune/logs/run_20260805_150945/BC_facts_answers.train.log,BC_facts_answers,unsuffixed,12,0.5664,1.071,9.788e-05,0.4545,80590.0,0.9022,0.3653
finetune/logs/run_20260805_150945/BC_facts_answers.train.log,BC_facts_answers,unsuffixed,13,0.4756,0.6109,9.738e-05,0.3884,87360.0,0.9089,0.3957
finetune/logs/run_20260805_150945/BC_facts_answers.train.log,BC_facts_answers,unsuffixed,14,0.4612,1.08,9.683e-05,0.4071,94120.0,0.9087,0.4262
finetune/logs/run_20260805_150945/BC_facts_answers.train.log,BC_facts_answers,unsuffixed,15,0.4164,0.6506,9.623e-05,0.3456,100700.0,0.9272,0.4566
finetune/logs/run_20260805_150945/BC_facts_answers.train.log,BC_facts_answers,unsuffixed,16,0.5212,0.6967,9.558e-05,0.3813,107400.0,0.9025,0.4871
finetune/logs/run_20260805_150945/BC_facts_answers.train.log,BC_facts_answers,unsuffixed,17,0.514,1.79,9.488e-05,0.4506,114200.0,0.8987,0.5175
finetune/logs/run_20260805_150945/BC_facts_answers.train.log,BC_facts_answers,unsuffixed,18,0.3758,1.494,9.414e-05,0.3355,120800.0,0.9175,0.5479
finetune/logs/run_20260805_150945/BC_facts_answers.train.log,BC_facts_answers,unsuffixed,19,0.4215,1.007,9.334e-05,0.3732,127600.0,0.9117,0.5784
finetune/logs/run_20260805_150945/BC_facts_answers.train.log,BC_facts_answers,unsuffixed,20,0.4322,0.8309,9.25e-05,0.3492,134200.0,0.9055,0.6088
finetune/logs/run_20260805_150945/BC_facts_answers.train.log,BC_facts_answers,unsuffixed,21,0.3906,0.8294,9.161e-05,0.3366,140700.0,0.9143,0.6393
finetune/logs/run_20260805_150945/BC_facts_answers.train.log,BC_facts_answers,unsuffixed,22,0.4463,1.36,9.068e-05,0.424,147500.0,0.904,0.6697
finetune/logs/run_20260805_150945/BC_facts_answers.train.log,BC_facts_answers,unsuffixed,23,0.3707,0.6416,8.971e-05,0.3553,154100.0,0.9202,0.7002
finetune/logs/run_20260805_150945/BC_facts_answers.train.log,BC_facts_answers,unsuffixed,24,0.5629,1.187,8.869e-05,0.4447,161100.0,0.8909,0.7306
finetune/logs/run_20260805_150945/BC_facts_answers.train.log,BC_facts_answers,unsuffixed,25,0.5122,0.5077,8.763e-05,0.3845,167700.0,0.9084,0.761
finetune/logs/run_20260805_150945/BC_facts_answers.train.log,BC_facts_answers,unsuffixed,26,0.3668,0.5317,8.652e-05,0.3567,174400.0,0.9202,0.7915
finetune/logs/run_20260805_150945/BC_facts_answers.train.log,BC_facts_answers,unsuffixed,27,0.3956,0.4718,8.538e-05,0.331,181100.0,0.9098,0.8219
finetune/logs/run_20260805_150945/BC_facts_answers.train.log,BC_facts_answers,unsuffixed,28,0.303,1.174,8.421e-05,0.2974,187500.0,0.9288,0.8524
finetune/logs/run_20260805_150945/BC_facts_answers.train.log,BC_facts_answers,unsuffixed,29,0.5019,0.8106,8.299e-05,0.3856,194100.0,0.8964,0.8828
finetune/logs/run_20260805_150945/BC_facts_answers.train.log,BC_facts_answers,unsuffixed,30,0.3674,0.8831,8.174e-05,0.3194,200800.0,0.924,0.9132
finetune/logs/run_20260805_150945/BC_facts_answers.train.log,BC_facts_answers,unsuffixed,31,0.4179,0.9627,8.045e-05,0.3989,207400.0,0.9158,0.9437
finetune/logs/run_20260805_150945/BC_facts_answers.train.log,BC_facts_answers,unsuffixed,32,0.3968,1.001,7.914e-05,0.327,214100.0,0.9202,0.9741
finetune/logs/run_20260805_150945/BC_facts_answers.train.log,BC_facts_answers,unsuffixed,33,0.4601,0.8618,7.779e-05,0.3545,220400.0,0.9106,1.003
finetune/logs/run_20260805_150945/BC_facts_answers.train.log,BC_facts_answers,unsuffixed,34,0.3846,0.5893,7.641e-05,0.3828,227200.0,0.9087,1.033
finetune/logs/run_20260805_150945/BC_facts_answers.train.log,BC_facts_answers,unsuffixed,35,0.353,0.4974,7.5e-05,0.337,234000.0,0.9146,1.064
finetune/logs/run_20260805_150945/BC_facts_answers.train.log,BC_facts_answers,unsuffixed,36,0.2951,0.7401,7.357e-05,0.2806,240800.0,0.9334,1.094
finetune/logs/run_20260805_150945/BC_facts_answers.train.log,BC_facts_answers,unsuffixed,37,0.3035,0.7046,7.211e-05,0.2547,247200.0,0.9332,1.125
finetune/logs/run_20260805_150945/BC_facts_answers.train.log,BC_facts_answers,unsuffixed,38,0.2751,0.4938,7.062e-05,0.2706,253800.0,0.9343,1.155
finetune/logs/run_20260805_150945/BC_facts_answers.train.log,BC_facts_answers,unsuffixed,39,0.3987,1.558,6.912e-05,0.2968,260400.0,0.9206,1.186
finetune/logs/run_20260805_150945/BC_facts_answers.train.log,BC_facts_answers,unsuffixed,40,0.3984,0.7029,6.759e-05,0.2922,267200.0,0.918,1.216
finetune/logs/run_20260805_150945/BC_facts_answers.train.log,BC_facts_answers,unsuffixed,41,0.2369,0.8743,6.604e-05,0.2487,273700.0,0.9375,1.247
finetune/logs/run_20260805_150945/BC_facts_answers.train.log,BC_facts_answers,unsuffixed,42,0.3692,0.8131,6.448e-05,0.368,280500.0,0.912,1.277
finetune/logs/run_20260805_150945/BC_facts_answers.train.log,BC_facts_answers,unsuffixed,43,0.2903,0.8602,6.29e-05,0.2601,287200.0,0.927,1.307
finetune/logs/run_20260805_150945/BC_facts_answers.train.log,BC_facts_answers,unsuffixed,44,0.2764,0.6152,6.131e-05,0.2281,293900.0,0.9252,1.338
finetune/logs/run_20260805_150945/BC_facts_answers.train.log,BC_facts_answers,unsuffixed,45,0.3488,1.621,5.97e-05,0.3002,300700.0,0.9107,1.368
finetune/logs/run_20260805_150945/BC_facts_answers.train.log,BC_facts_answers,unsuffixed,46,0.3892,0.8871,5.809e-05,0.3386,307600.0,0.9174,1.399
finetune/logs/run_20260805_150945/BC_facts_answers.train.log,BC_facts_answers,unsuffixed,47,0.2742,0.431,5.647e-05,0.2811,314200.0,0.9296,1.429
finetune/logs/run_20260805_150945/BC_facts_answers.train.log,BC_facts_answers,unsuffixed,48,0.2652,0.7456,5.483e-05,0.2584,320700.0,0.9295,1.46
finetune/logs/run_20260805_150945/BC_facts_answers.train.log,BC_facts_answers,unsuffixed,49,0.2958,1.448,5.32e-05,0.262,327600.0,0.9283,1.49
finetune/logs/run_20260805_150945/BC_facts_answers.train.log,BC_facts_answers,unsuffixed,50,0.3008,0.5469,5.156e-05,0.2397,334100.0,0.9338,1.521
finetune/logs/run_20260805_150945/BC_facts_answers.train.log,BC_facts_answers,unsuffixed,51,0.2532,0.9178,4.992e-05,0.2385,340900.0,0.9373,1.551
finetune/logs/run_20260805_150945/BC_facts_answers.train.log,BC_facts_answers,unsuffixed,52,0.3695,1.597,4.828e-05,0.2738,347700.0,0.923,1.581
finetune/logs/run_20260805_150945/BC_facts_answers.train.log,BC_facts_answers,unsuffixed,53,0.2761,0.8281,4.664e-05,0.2802,354500.0,0.9339,1.612
finetune/logs/run_20260805_150945/BC_facts_answers.train.log,BC_facts_answers,unsuffixed,54,0.2901,0.6987,4.5e-05,0.2421,361000.0,0.9414,1.642
finetune/logs/run_20260805_150945/BC_facts_answers.train.log,BC_facts_answers,unsuffixed,55,0.258,0.4927,4.337e-05,0.279,367800.0,0.9361,1.673
finetune/logs/run_20260805_150945/BC_facts_answers.train.log,BC_facts_answers,unsuffixed,56,0.3256,0.477,4.175e-05,0.2784,374400.0,0.9222,1.703
finetune/logs/run_20260805_150945/BC_facts_answers.train.log,BC_facts_answers,unsuffixed,57,0.2419,1.023,4.013e-05,0.2218,381200.0,0.9355,1.734
finetune/logs/run_20260805_150945/BC_facts_answers.train.log,BC_facts_answers,unsuffixed,58,0.3747,1.078,3.853e-05,0.3344,387900.0,0.9091,1.764
finetune/logs/run_20260805_150945/BC_facts_answers.train.log,BC_facts_answers,unsuffixed,59,0.3416,0.6084,3.694e-05,0.2971,394500.0,0.9256,1.795
finetune/logs/run_20260805_150945/BC_facts_answers.train.log,BC_facts_answers,unsuffixed,60,0.2851,0.8644,3.536e-05,0.2577,401300.0,0.9283,1.825
finetune/logs/run_20260805_150945/BC_facts_answers.train.log,BC_facts_answers,unsuffixed,61,0.2094,0.7042,3.38e-05,0.2103,407900.0,0.9441,1.855
finetune/logs/run_20260805_150945/BC_facts_answers.train.log,BC_facts_answers,unsuffixed,62,0.223,0.7764,3.226e-05,0.2077,414500.0,0.9352,1.886
finetune/logs/run_20260805_150945/BC_facts_answers.train.log,BC_facts_answers,unsuffixed,63,0.2797,1.615,3.073e-05,0.2769,421000.0,0.9288,1.916
finetune/logs/run_20260805_150945/BC_facts_answers.train.log,BC_facts_answers,unsuffixed,64,0.3367,0.7966,2.923e-05,0.3031,427600.0,0.9058,1.947
finetune/logs/run_20260805_150945/BC_facts_answers.train.log,BC_facts_answers,unsuffixed,65,0.3292,1.686,2.775e-05,0.259,434300.0,0.923,1.977
finetune/logs/run_20260805_150945/BC_facts_answers.train.log,BC_facts_answers,unsuffixed,66,0.2802,0.6683,2.629e-05,0.2884,440700.0,0.9281,2.006
finetune/logs/run_20260805_150945/BC_facts_answers.train.log,BC_facts_answers,unsuffixed,67,0.2132,0.5063,2.486e-05,0.2175,447300.0,0.9497,2.037
finetune/logs/run_20260805_150945/BC_facts_answers.train.log,BC_facts_answers,unsuffixed,68,0.2342,0.9107,2.345e-05,0.2806,454000.0,0.941,2.067
finetune/logs/run_20260805_150945/BC_facts_answers.train.log,BC_facts_answers,unsuffixed,69,0.2176,1.523,2.208e-05,0.197,460700.0,0.9451,2.097
finetune/logs/run_20260805_150945/BC_facts_answers.train.log,BC_facts_answers,unsuffixed,70,0.204,1.324,2.073e-05,0.1893,467300.0,0.9431,2.128
finetune/logs/run_20260805_150945/BC_facts_answers.train.log,BC_facts_answers,unsuffixed,71,0.1903,0.6261,1.942e-05,0.1809,474000.0,0.9417,2.158
finetune/logs/run_20260805_150945/BC_facts_answers.train.log,BC_facts_answers,unsuffixed,72,0.1819,2.535,1.813e-05,0.1752,480600.0,0.9483,2.189
finetune/logs/run_20260805_150945/BC_facts_answers.train.log,BC_facts_answers,unsuffixed,73,0.164,1.051,1.689e-05,0.1702,487200.0,0.9531,2.219
finetune/logs/run_20260805_150945/BC_facts_answers.train.log,BC_facts_answers,unsuffixed,74,0.1718,0.8199,1.567e-05,0.1535,494100.0,0.9491,2.25
finetune/logs/run_20260805_150945/BC_facts_answers.train.log,BC_facts_answers,unsuffixed,75,0.2307,2.839,1.45e-05,0.2125,501000.0,0.9418,2.28
finetune/logs/run_20260805_150945/BC_facts_answers.train.log,BC_facts_answers,unsuffixed,76,0.1829,1.419,1.336e-05,0.1964,507700.0,0.9469,2.311
finetune/logs/run_20260805_150945/BC_facts_answers.train.log,BC_facts_answers,unsuffixed,77,0.2176,0.5121,1.227e-05,0.1846,514600.0,0.9443,2.341
finetune/logs/run_20260805_150945/BC_facts_answers.train.log,BC_facts_answers,unsuffixed,78,0.1808,1.043,1.121e-05,0.1704,521600.0,0.9494,2.371
finetune/logs/run_20260805_150945/BC_facts_answers.train.log,BC_facts_answers,unsuffixed,79,0.1576,1.021,1.02e-05,0.1539,528200.0,0.9595,2.402
finetune/logs/run_20260805_150945/BC_facts_answers.train.log,BC_facts_answers,unsuffixed,80,0.1727,2.057,9.224e-06,0.1548,534900.0,0.9526,2.432
finetune/logs/run_20260805_150945/BC_facts_answers.train.log,BC_facts_answers,unsuffixed,81,0.1816,2.049,8.296e-06,0.1806,541500.0,0.9469,2.463
finetune/logs/run_20260805_150945/BC_facts_answers.train.log,BC_facts_answers,unsuffixed,82,0.1733,1.366,7.413e-06,0.1732,547900.0,0.9442,2.493
finetune/logs/run_20260805_150945/BC_facts_answers.train.log,BC_facts_answers,unsuffixed,83,0.1743,0.5747,6.576e-06,0.1447,554700.0,0.9503,2.524
finetune/logs/run_20260805_150945/BC_facts_answers.train.log,BC_facts_answers,unsuffixed,84,0.1596,1.386,5.786e-06,0.1526,561300.0,0.9572,2.554
finetune/logs/run_20260805_150945/BC_facts_answers.train.log,BC_facts_answers,unsuffixed,85,0.184,0.7648,5.044e-06,0.1702,567900.0,0.9488,2.584
finetune/logs/run_20260805_150945/BC_facts_answers.train.log,BC_facts_answers,unsuffixed,86,0.2053,0.8908,4.349e-06,0.1751,574400.0,0.9406,2.615
finetune/logs/run_20260805_150945/BC_facts_answers.train.log,BC_facts_answers,unsuffixed,87,0.1578,1.594,3.705e-06,0.1693,580900.0,0.9573,2.645
finetune/logs/run_20260805_150945/BC_facts_answers.train.log,BC_facts_answers,unsuffixed,88,0.1936,1.041,3.11e-06,0.1941,587400.0,0.9439,2.676
finetune/logs/run_20260805_150945/BC_facts_answers.train.log,BC_facts_answers,unsuffixed,89,0.2066,0.8799,2.565e-06,0.2021,594500.0,0.9431,2.706
finetune/logs/run_20260805_150945/BC_facts_answers.train.log,BC_facts_answers,unsuffixed,90,0.1693,0.8819,2.072e-06,0.17,601100.0,0.9504,2.737
finetune/logs/run_20260805_150945/BC_facts_answers.train.log,BC_facts_answers,unsuffixed,91,0.1474,1.425,1.63e-06,0.1511,607700.0,0.9594,2.767
finetune/logs/run_20260805_150945/BC_facts_answers.train.log,BC_facts_answers,unsuffixed,92,0.2159,1.518,1.241e-06,0.1825,614400.0,0.9433,2.798
finetune/logs/run_20260805_150945/BC_facts_answers.train.log,BC_facts_answers,unsuffixed,93,0.1826,0.9025,9.036e-07,0.1834,621100.0,0.9434,2.828
finetune/logs/run_20260805_150945/BC_facts_answers.train.log,BC_facts_answers,unsuffixed,94,0.1837,0.7932,6.194e-07,0.1685,627600.0,0.9501,2.858
finetune/logs/run_20260805_150945/BC_facts_answers.train.log,BC_facts_answers,unsuffixed,95,0.2205,1.7,3.885e-07,0.2041,634300.0,0.9434,2.889
finetune/logs/run_20260805_150945/BC_facts_answers.train.log,BC_facts_answers,unsuffixed,96,0.1724,0.7978,2.111e-07,0.1604,641000.0,0.9466,2.919
finetune/logs/run_20260805_150945/BC_facts_answers.train.log,BC_facts_answers,unsuffixed,97,0.2088,2.091,8.726e-08,0.1858,647700.0,0.9405,2.95
finetune/logs/run_20260805_150945/BC_facts_answers.train.log,BC_facts_answers,unsuffixed,98,0.1873,1.583,1.724e-08,0.1692,654600.0,0.9475,2.98
finetune/logs/run_20260805_150947/BD_facts_sql.train.log,BD_facts_sql,unsuffixed,1,2.771,7.637,3e-05,0.2784,37820.0,0.7016,0.03044
finetune/logs/run_20260805_150947/BD_facts_sql.train.log,BD_facts_sql,unsuffixed,2,0.9984,0.9747,6.333e-05,0.5332,64830.0,0.7993,0.06088
finetune/logs/run_20260805_150947/BD_facts_sql.train.log,BD_facts_sql,unsuffixed,3,0.3725,0.7088,9.667e-05,0.5038,103600.0,0.9119,0.09132
finetune/logs/run_20260805_150947/BD_facts_sql.train.log,BD_facts_sql,unsuffixed,4,0.379,0.5312,9.998e-05,0.3068,132600.0,0.9266,0.1218
finetune/logs/run_20260805_150947/BD_facts_sql.train.log,BD_facts_sql,unsuffixed,5,0.4172,0.5713,9.99e-05,0.3997,154300.0,0.9253,0.1522
finetune/logs/run_20260805_150947/BD_facts_sql.train.log,BD_facts_sql,unsuffixed,6,0.1675,0.6367,9.977e-05,0.1678,186800.0,0.9506,0.1826
finetune/logs/run_20260805_150947/BD_facts_sql.train.log,BD_facts_sql,unsuffixed,7,0.3015,0.2588,9.959e-05,0.3358,212100.0,0.9287,0.2131
finetune/logs/run_20260805_150947/BD_facts_sql.train.log,BD_facts_sql,unsuffixed,8,0.3361,0.2676,9.935e-05,0.3593,237400.0,0.9257,0.2435
finetune/logs/run_20260805_150947/BD_facts_sql.train.log,BD_facts_sql,unsuffixed,9,0.275,0.6819,9.907e-05,0.2789,262700.0,0.9285,0.274
finetune/logs/run_20260805_150947/BD_facts_sql.train.log,BD_facts_sql,unsuffixed,10,0.2869,0.7387,9.872e-05,0.2763,287900.0,0.9385,0.3044
finetune/logs/run_20260805_150947/BD_facts_sql.train.log,BD_facts_sql,unsuffixed,11,0.3399,0.2764,9.833e-05,0.3082,315000.0,0.9295,0.3349
finetune/logs/run_20260805_150947/BD_facts_sql.train.log,BD_facts_sql,unsuffixed,12,0.2562,0.2731,9.788e-05,0.2609,344600.0,0.9435,0.3653
finetune/logs/run_20260805_150947/BD_facts_sql.train.log,BD_facts_sql,unsuffixed,13,0.168,0.2715,9.738e-05,0.185,369900.0,0.9514,0.3957
finetune/logs/run_20260805_150947/BD_facts_sql.train.log,BD_facts_sql,unsuffixed,14,0.1718,0.6848,9.683e-05,0.1807,406000.0,0.9559,0.4262
finetune/logs/run_20260805_150947/BD_facts_sql.train.log,BD_facts_sql,unsuffixed,15,0.1764,0.2893,9.623e-05,0.1843,434000.0,0.9556,0.4566
finetune/logs/run_20260805_150947/BD_facts_sql.train.log,BD_facts_sql,unsuffixed,16,0.2393,0.5708,9.558e-05,0.2404,458300.0,0.9372,0.4871
finetune/logs/run_20260805_150947/BD_facts_sql.train.log,BD_facts_sql,unsuffixed,17,0.2666,0.6028,9.488e-05,0.2656,486200.0,0.9346,0.5175
finetune/logs/run_20260805_150947/BD_facts_sql.train.log,BD_facts_sql,unsuffixed,18,0.2275,0.4641,9.414e-05,0.2449,509700.0,0.9393,0.5479
finetune/logs/run_20260805_150947/BD_facts_sql.train.log,BD_facts_sql,unsuffixed,19,0.1827,0.4424,9.334e-05,0.1981,540300.0,0.9535,0.5784
finetune/logs/run_20260805_150947/BD_facts_sql.train.log,BD_facts_sql,unsuffixed,20,0.2878,0.4979,9.25e-05,0.2881,560300.0,0.9251,0.6088
finetune/logs/run_20260805_150947/BD_facts_sql.train.log,BD_facts_sql,unsuffixed,21,0.2075,0.5648,9.161e-05,0.2219,591700.0,0.9413,0.6393
finetune/logs/run_20260805_150947/BD_facts_sql.train.log,BD_facts_sql,unsuffixed,22,0.2206,0.7572,9.068e-05,0.2281,626000.0,0.942,0.6697
finetune/logs/run_20260805_150947/BD_facts_sql.train.log,BD_facts_sql,unsuffixed,23,0.1568,0.4026,8.971e-05,0.2199,653900.0,0.9557,0.7002
finetune/logs/run_20260805_150947/BD_facts_sql.train.log,BD_facts_sql,unsuffixed,24,0.3233,0.07063,8.869e-05,0.3062,685500.0,0.9251,0.7306
finetune/logs/run_20260805_150947/BD_facts_sql.train.log,BD_facts_sql,unsuffixed,25,0.353,0.3868,8.763e-05,0.3212,709800.0,0.9328,0.761
finetune/logs/run_20260805_150947/BD_facts_sql.train.log,BD_facts_sql,unsuffixed,26,0.188,0.2458,8.652e-05,0.2293,737800.0,0.9493,0.7915
finetune/logs/run_20260805_150947/BD_facts_sql.train.log,BD_facts_sql,unsuffixed,27,0.2244,0.4259,8.538e-05,0.214,765800.0,0.9395,0.8219
finetune/logs/run_20260805_150947/BD_facts_sql.train.log,BD_facts_sql,unsuffixed,28,0.1744,0.3038,8.421e-05,0.1792,794500.0,0.9564,0.8524
finetune/logs/run_20260805_150947/BD_facts_sql.train.log,BD_facts_sql,unsuffixed,29,0.2864,0.5682,8.299e-05,0.2448,821600.0,0.9318,0.8828
finetune/logs/run_20260805_150947/BD_facts_sql.train.log,BD_facts_sql,unsuffixed,30,0.1698,0.4907,8.174e-05,0.1856,849500.0,0.9537,0.9132
finetune/logs/run_20260805_150947/BD_facts_sql.train.log,BD_facts_sql,unsuffixed,31,0.2263,0.4121,8.045e-05,0.2831,876600.0,0.9444,0.9437
finetune/logs/run_20260805_150947/BD_facts_sql.train.log,BD_facts_sql,unsuffixed,32,0.2492,0.6653,7.914e-05,0.2198,904600.0,0.9493,0.9741
finetune/logs/run_20260805_150947/BD_facts_sql.train.log,BD_facts_sql,unsuffixed,33,0.2366,0.1777,7.779e-05,0.2202,931300.0,0.9467,1.003
finetune/logs/run_20260805_150947/BD_facts_sql.train.log,BD_facts_sql,unsuffixed,34,0.2034,0.3624,7.641e-05,0.2572,960300.0,0.9406,1.033
finetune/logs/run_20260805_150947/BD_facts_sql.train.log,BD_facts_sql,unsuffixed,35,0.1677,0.2668,7.5e-05,0.2051,991900.0,0.9517,1.064
finetune/logs/run_20260805_150947/BD_facts_sql.train.log,BD_facts_sql,unsuffixed,36,0.1121,0.3354,7.357e-05,0.1616,1027000.0,0.9589,1.094
finetune/logs/run_20260805_150947/BD_facts_sql.train.log,BD_facts_sql,unsuffixed,37,0.2108,0.3721,7.211e-05,0.1967,1051000.0,0.9466,1.125
finetune/logs/run_20260805_150947/BD_facts_sql.train.log,BD_facts_sql,unsuffixed,38,0.1489,0.391,7.062e-05,0.1868,1078000.0,0.9562,1.155
finetune/logs/run_20260805_150947/BD_facts_sql.train.log,BD_facts_sql,unsuffixed,39,0.2192,0.3466,6.912e-05,0.1832,1109000.0,0.9517,1.186
finetune/logs/run_20260805_150947/BD_facts_sql.train.log,BD_facts_sql,unsuffixed,40,0.2022,0.2948,6.759e-05,0.1713,1137000.0,0.9523,1.216
finetune/logs/run_20260805_150947/BD_facts_sql.train.log,BD_facts_sql,unsuffixed,41,0.1424,0.5265,6.604e-05,0.1556,1160000.0,0.9543,1.247
finetune/logs/run_20260805_150947/BD_facts_sql.train.log,BD_facts_sql,unsuffixed,42,0.2043,0.3649,6.448e-05,0.2455,1184000.0,0.9441,1.277
finetune/logs/run_20260805_150947/BD_facts_sql.train.log,BD_facts_sql,unsuffixed,43,0.1525,0.2878,6.29e-05,0.1505,1212000.0,0.9564,1.307
finetune/logs/run_20260805_150947/BD_facts_sql.train.log,BD_facts_sql,unsuffixed,44,0.1191,0.4429,6.131e-05,0.1219,1240000.0,0.9566,1.338
finetune/logs/run_20260805_150947/BD_facts_sql.train.log,BD_facts_sql,unsuffixed,45,0.1942,0.8227,5.97e-05,0.1955,1270000.0,0.9412,1.368
finetune/logs/run_20260805_150947/BD_facts_sql.train.log,BD_facts_sql,unsuffixed,46,0.2381,0.8663,5.809e-05,0.2068,1300000.0,0.9515,1.399
finetune/logs/run_20260805_150947/BD_facts_sql.train.log,BD_facts_sql,unsuffixed,47,0.1561,0.184,5.647e-05,0.1808,1332000.0,0.9554,1.429
finetune/logs/run_20260805_150947/BD_facts_sql.train.log,BD_facts_sql,unsuffixed,48,0.1556,0.5706,5.483e-05,0.1838,1358000.0,0.9532,1.46
finetune/logs/run_20260805_150947/BD_facts_sql.train.log,BD_facts_sql,unsuffixed,49,0.1687,0.203,5.32e-05,0.2061,1388000.0,0.9523,1.49
finetune/logs/run_20260805_150947/BD_facts_sql.train.log,BD_facts_sql,unsuffixed,50,0.2271,0.3829,5.156e-05,0.2146,1407000.0,0.9454,1.521
finetune/logs/run_20260805_150947/BD_facts_sql.train.log,BD_facts_sql,unsuffixed,51,0.1404,0.5284,4.992e-05,0.1524,1437000.0,0.9611,1.551
finetune/logs/run_20260805_150947/BD_facts_sql.train.log,BD_facts_sql,unsuffixed,52,0.2031,0.5275,4.828e-05,0.1934,1467000.0,0.9513,1.581
finetune/logs/run_20260805_150947/BD_facts_sql.train.log,BD_facts_sql,unsuffixed,53,0.1589,0.2244,4.664e-05,0.1959,1496000.0,0.9548,1.612
finetune/logs/run_20260805_150947/BD_facts_sql.train.log,BD_facts_sql,unsuffixed,54,0.1257,0.2135,4.5e-05,0.1379,1526000.0,0.9692,1.642
finetune/logs/run_20260805_150947/BD_facts_sql.train.log,BD_facts_sql,unsuffixed,55,0.1681,0.4061,4.337e-05,0.1894,1552000.0,0.953,1.673
finetune/logs/run_20260805_150947/BD_facts_sql.train.log,BD_facts_sql,unsuffixed,56,0.1739,0.3803,4.175e-05,0.1888,1577000.0,0.9504,1.703
finetune/logs/run_20260805_150947/BD_facts_sql.train.log,BD_facts_sql,unsuffixed,57,0.1079,0.2677,4.013e-05,0.125,1609000.0,0.9655,1.734
finetune/logs/run_20260805_150947/BD_facts_sql.train.log,BD_facts_sql,unsuffixed,58,0.2292,0.533,3.853e-05,0.2224,1637000.0,0.9365,1.764
finetune/logs/run_20260805_150947/BD_facts_sql.train.log,BD_facts_sql,unsuffixed,59,0.1892,0.3388,3.694e-05,0.2146,1665000.0,0.9452,1.795
finetune/logs/run_20260805_150947/BD_facts_sql.train.log,BD_facts_sql,unsuffixed,60,0.1592,0.2964,3.536e-05,0.1864,1692000.0,0.9543,1.825
finetune/logs/run_20260805_150947/BD_facts_sql.train.log,BD_facts_sql,unsuffixed,61,0.09973,0.1268,3.38e-05,0.1538,1722000.0,0.9659,1.855
finetune/logs/run_20260805_150947/BD_facts_sql.train.log,BD_facts_sql,unsuffixed,62,0.1066,0.4954,3.226e-05,0.1197,1750000.0,0.9582,1.886
finetune/logs/run_20260805_150947/BD_facts_sql.train.log,BD_facts_sql,unsuffixed,63,0.1776,0.892,3.073e-05,0.1887,1777000.0,0.9477,1.916
finetune/logs/run_20260805_150947/BD_facts_sql.train.log,BD_facts_sql,unsuffixed,64,0.2189,0.1571,2.923e-05,0.2104,1808000.0,0.9362,1.947
finetune/logs/run_20260805_150947/BD_facts_sql.train.log,BD_facts_sql,unsuffixed,65,0.1894,1.395,2.775e-05,0.1785,1835000.0,0.9448,1.977
finetune/logs/run_20260805_150947/BD_facts_sql.train.log,BD_facts_sql,unsuffixed,66,0.1403,0.2962,2.629e-05,0.1899,1861000.0,0.9581,2.006
finetune/logs/run_20260805_150947/BD_facts_sql.train.log,BD_facts_sql,unsuffixed,67,0.09817,0.1197,2.486e-05,0.129,1891000.0,0.9745,2.037
finetune/logs/run_20260805_150947/BD_facts_sql.train.log,BD_facts_sql,unsuffixed,68,0.1543,0.4439,2.345e-05,0.2219,1923000.0,0.9566,2.067
finetune/logs/run_20260805_150947/BD_facts_sql.train.log,BD_facts_sql,unsuffixed,69,0.1178,0.2073,2.208e-05,0.1432,1952000.0,0.9601,2.097
finetune/logs/run_20260805_150947/BD_facts_sql.train.log,BD_facts_sql,unsuffixed,70,0.1178,0.6125,2.073e-05,0.1424,1977000.0,0.9683,2.128
finetune/logs/run_20260805_150947/BD_facts_sql.train.log,BD_facts_sql,unsuffixed,71,0.1116,0.2822,1.942e-05,0.1484,2003000.0,0.9599,2.158
finetune/logs/run_20260805_150947/BD_facts_sql.train.log,BD_facts_sql,unsuffixed,72,0.1333,1.625,1.813e-05,0.1413,2028000.0,0.9572,2.189
finetune/logs/run_20260805_150947/BD_facts_sql.train.log,BD_facts_sql,unsuffixed,73,0.07113,0.5155,1.689e-05,0.09284,2061000.0,0.9748,2.219
finetune/logs/run_20260805_150947/BD_facts_sql.train.log,BD_facts_sql,unsuffixed,74,0.09207,0.5226,1.567e-05,0.1014,2094000.0,0.964,2.25
finetune/logs/run_20260805_150947/BD_facts_sql.train.log,BD_facts_sql,unsuffixed,75,0.1676,1.232,1.45e-05,0.1769,2116000.0,0.9523,2.28
finetune/logs/run_20260805_150947/BD_facts_sql.train.log,BD_facts_sql,unsuffixed,76,0.08978,0.7297,1.336e-05,0.1244,2146000.0,0.9624,2.311
finetune/logs/run_20260805_150947/BD_facts_sql.train.log,BD_facts_sql,unsuffixed,77,0.1196,0.3909,1.227e-05,0.1095,2174000.0,0.9677,2.341
finetune/logs/run_20260805_150947/BD_facts_sql.train.log,BD_facts_sql,unsuffixed,78,0.07716,0.3467,1.121e-05,0.1063,2205000.0,0.9736,2.371
finetune/logs/run_20260805_150947/BD_facts_sql.train.log,BD_facts_sql,unsuffixed,79,0.09991,0.4693,1.02e-05,0.1145,2227000.0,0.9689,2.402
finetune/logs/run_20260805_150947/BD_facts_sql.train.log,BD_facts_sql,unsuffixed,80,0.08275,0.5924,9.224e-06,0.08488,2265000.0,0.9734,2.432
finetune/logs/run_20260805_150947/BD_facts_sql.train.log,BD_facts_sql,unsuffixed,81,0.1058,0.5681,8.296e-06,0.1196,2295000.0,0.9636,2.463
finetune/logs/run_20260805_150947/BD_facts_sql.train.log,BD_facts_sql,unsuffixed,82,0.1026,0.273,7.413e-06,0.1207,2323000.0,0.9625,2.493
finetune/logs/run_20260805_150947/BD_facts_sql.train.log,BD_facts_sql,unsuffixed,83,0.09461,0.4395,6.576e-06,0.1029,2350000.0,0.9663,2.524
finetune/logs/run_20260805_150947/BD_facts_sql.train.log,BD_facts_sql,unsuffixed,84,0.08733,0.2718,5.786e-06,0.1154,2380000.0,0.965,2.554
finetune/logs/run_20260805_150947/BD_facts_sql.train.log,BD_facts_sql,unsuffixed,85,0.08558,0.2544,5.044e-06,0.1011,2413000.0,0.9708,2.584
finetune/logs/run_20260805_150947/BD_facts_sql.train.log,BD_facts_sql,unsuffixed,86,0.1578,0.3247,4.349e-06,0.1413,2441000.0,0.9524,2.615
finetune/logs/run_20260805_150947/BD_facts_sql.train.log,BD_facts_sql,unsuffixed,87,0.08313,0.2381,3.705e-06,0.1118,2468000.0,0.9737,2.645
finetune/logs/run_20260805_150947/BD_facts_sql.train.log,BD_facts_sql,unsuffixed,88,0.1242,0.4599,3.11e-06,0.1554,2491000.0,0.9558,2.676
finetune/logs/run_20260805_150947/BD_facts_sql.train.log,BD_facts_sql,unsuffixed,89,0.1396,0.2805,2.565e-06,0.1448,2526000.0,0.9573,2.706
finetune/logs/run_20260805_150947/BD_facts_sql.train.log,BD_facts_sql,unsuffixed,90,0.1282,0.2468,2.072e-06,0.15,2549000.0,0.957,2.737
finetune/logs/run_20260805_150947/BD_facts_sql.train.log,BD_facts_sql,unsuffixed,91,0.09818,0.7975,1.63e-06,0.1192,2575000.0,0.9692,2.767
finetune/logs/run_20260805_150947/BD_facts_sql.train.log,BD_facts_sql,unsuffixed,92,0.1233,0.2963,1.241e-06,0.1428,2602000.0,0.9577,2.798
finetune/logs/run_20260805_150947/BD_facts_sql.train.log,BD_facts_sql,unsuffixed,93,0.1123,0.4129,9.036e-07,0.1388,2628000.0,0.9608,2.828
finetune/logs/run_20260805_150947/BD_facts_sql.train.log,BD_facts_sql,unsuffixed,94,0.1237,0.4772,6.194e-07,0.1355,2653000.0,0.9593,2.858
finetune/logs/run_20260805_150947/BD_facts_sql.train.log,BD_facts_sql,unsuffixed,95,0.1028,0.7787,3.885e-07,0.1291,2687000.0,0.9628,2.889
finetune/logs/run_20260805_150947/BD_facts_sql.train.log,BD_facts_sql,unsuffixed,96,0.08625,0.2802,2.111e-07,0.1024,2719000.0,0.969,2.919
finetune/logs/run_20260805_150947/BD_facts_sql.train.log,BD_facts_sql,unsuffixed,97,0.1144,0.4091,8.726e-08,0.1278,2750000.0,0.9616,2.95
finetune/logs/run_20260805_150947/BD_facts_sql.train.log,BD_facts_sql,unsuffixed,98,0.1154,0.6453,1.724e-08,0.1366,2771000.0,0.9619,2.98
finetune/logs/run_20260808_083441/BD_facts_sql.seed13.train.log,BD_facts_sql,13,1,2.751,7.322,3e-05,0.2785,37820.0,0.7033,0.03044
finetune/logs/run_20260808_083441/BD_facts_sql.seed13.train.log,BD_facts_sql,13,2,0.9837,0.9572,6.333e-05,0.5351,64830.0,0.7986,0.06088
finetune/logs/run_20260808_083441/BD_facts_sql.seed13.train.log,BD_facts_sql,13,3,0.3728,0.7198,9.667e-05,0.5001,103600.0,0.9142,0.09132
finetune/logs/run_20260808_083441/BD_facts_sql.seed13.train.log,BD_facts_sql,13,4,0.3036,0.6181,9.998e-05,0.3022,132600.0,0.9337,0.1218
finetune/logs/run_20260808_083441/BD_facts_sql.seed13.train.log,BD_facts_sql,13,5,0.4154,0.4581,9.99e-05,0.3898,154300.0,0.9194,0.1522
finetune/logs/run_20260808_083441/BD_facts_sql.seed13.train.log,BD_facts_sql,13,6,0.1652,0.6671,9.977e-05,0.168,186800.0,0.9519,0.1826
finetune/logs/run_20260808_083441/BD_facts_sql.seed13.train.log,BD_facts_sql,13,7,0.306,0.2524,9.959e-05,0.3315,212100.0,0.9254,0.2131
finetune/logs/run_20260808_083441/BD_facts_sql.seed13.train.log,BD_facts_sql,13,8,0.3328,0.284,9.935e-05,0.3613,237400.0,0.9252,0.2435
finetune/logs/run_20260808_083441/BD_facts_sql.seed13.train.log,BD_facts_sql,13,9,0.2728,0.6336,9.907e-05,0.2895,262700.0,0.9282,0.274
finetune/logs/run_20260808_083441/BD_facts_sql.seed13.train.log,BD_facts_sql,13,10,0.2874,0.7428,9.872e-05,0.2765,287900.0,0.9372,0.3044
finetune/logs/run_20260808_083441/BD_facts_sql.seed13.train.log,BD_facts_sql,13,11,0.3377,0.2671,9.833e-05,0.3079,315000.0,0.9327,0.3349
finetune/logs/run_20260808_083441/BD_facts_sql.seed13.train.log,BD_facts_sql,13,12,0.2553,0.2684,9.788e-05,0.2614,344600.0,0.9435,0.3653
finetune/logs/run_20260808_083441/BD_facts_sql.seed13.train.log,BD_facts_sql,13,13,0.1687,0.328,9.738e-05,0.1835,369900.0,0.9524,0.3957
finetune/logs/run_20260808_083441/BD_facts_sql.seed13.train.log,BD_facts_sql,13,14,0.172,0.7046,9.683e-05,0.1788,406000.0,0.9573,0.4262
finetune/logs/run_20260808_083441/BD_facts_sql.seed13.train.log,BD_facts_sql,13,15,0.1753,0.2933,9.623e-05,0.1856,434000.0,0.9569,0.4566
finetune/logs/run_20260808_083441/BD_facts_sql.seed13.train.log,BD_facts_sql,13,16,0.24,0.5508,9.558e-05,0.2412,458300.0,0.9378,0.4871
finetune/logs/run_20260808_083441/BD_facts_sql.seed13.train.log,BD_facts_sql,13,17,0.2629,0.7154,9.488e-05,0.2653,486200.0,0.9368,0.5175
finetune/logs/run_20260808_083441/BD_facts_sql.seed13.train.log,BD_facts_sql,13,18,0.2266,0.4504,9.414e-05,0.243,509700.0,0.9389,0.5479
finetune/logs/run_20260808_083441/BD_facts_sql.seed13.train.log,BD_facts_sql,13,19,0.1816,0.4603,9.334e-05,0.1984,540300.0,0.953,0.5784
finetune/logs/run_20260808_083441/BD_facts_sql.seed13.train.log,BD_facts_sql,13,20,0.2891,0.4977,9.25e-05,0.2889,560300.0,0.926,0.6088
finetune/logs/run_20260808_083441/BD_facts_sql.seed13.train.log,BD_facts_sql,13,21,0.2061,0.553,9.161e-05,0.2196,591700.0,0.9419,0.6393
finetune/logs/run_20260808_083441/BD_facts_sql.seed13.train.log,BD_facts_sql,13,22,0.2234,0.7392,9.068e-05,0.2265,626000.0,0.9425,0.6697
finetune/logs/run_20260808_083441/BD_facts_sql.seed13.train.log,BD_facts_sql,13,23,0.1576,0.4039,8.971e-05,0.2188,653900.0,0.9548,0.7002
finetune/logs/run_20260808_083441/BD_facts_sql.seed13.train.log,BD_facts_sql,13,24,0.3228,0.07065,8.869e-05,0.3068,685500.0,0.9249,0.7306
finetune/logs/run_20260808_083441/BD_facts_sql.seed13.train.log,BD_facts_sql,13,25,0.3515,0.3808,8.763e-05,0.3185,709800.0,0.9316,0.761
finetune/logs/run_20260808_083441/BD_facts_sql.seed13.train.log,BD_facts_sql,13,26,0.1905,0.2406,8.652e-05,0.2255,737800.0,0.9491,0.7915
finetune/logs/run_20260808_083441/BD_facts_sql.seed13.train.log,BD_facts_sql,13,27,0.2281,0.4267,8.538e-05,0.2168,765800.0,0.9378,0.8219
finetune/logs/run_20260808_083441/BD_facts_sql.seed13.train.log,BD_facts_sql,13,28,0.1753,0.3021,8.421e-05,0.183,794500.0,0.9572,0.8524
finetune/logs/run_20260808_083441/BD_facts_sql.seed13.train.log,BD_facts_sql,13,29,0.289,0.5804,8.299e-05,0.2458,821600.0,0.9341,0.8828
finetune/logs/run_20260808_083441/BD_facts_sql.seed13.train.log,BD_facts_sql,13,30,0.168,0.483,8.174e-05,0.1822,849500.0,0.9519,0.9132
finetune/logs/run_20260808_083441/BD_facts_sql.seed13.train.log,BD_facts_sql,13,31,0.2246,0.4168,8.045e-05,0.2845,876600.0,0.9447,0.9437
finetune/logs/run_20260808_083441/BD_facts_sql.seed13.train.log,BD_facts_sql,13,32,0.2521,0.6739,7.914e-05,0.2221,904600.0,0.9502,0.9741
finetune/logs/run_20260808_083441/BD_facts_sql.seed13.train.log,BD_facts_sql,13,33,0.2393,0.179,7.779e-05,0.2231,931300.0,0.9482,1.003
finetune/logs/run_20260808_083441/BD_facts_sql.seed13.train.log,BD_facts_sql,13,34,0.2028,0.3723,7.641e-05,0.2578,960300.0,0.9408,1.033
finetune/logs/run_20260808_083441/BD_facts_sql.seed13.train.log,BD_facts_sql,13,35,0.1678,0.2678,7.5e-05,0.2033,991900.0,0.9518,1.064
finetune/logs/run_20260808_083441/BD_facts_sql.seed13.train.log,BD_facts_sql,13,36,0.1119,0.3297,7.357e-05,0.1633,1027000.0,0.9568,1.094
finetune/logs/run_20260808_083441/BD_facts_sql.seed13.train.log,BD_facts_sql,13,37,0.2095,0.3787,7.211e-05,0.1983,1051000.0,0.946,1.125
finetune/logs/run_20260808_083441/BD_facts_sql.seed13.train.log,BD_facts_sql,13,38,0.148,0.3908,7.062e-05,0.1883,1078000.0,0.9566,1.155
finetune/logs/run_20260808_083441/BD_facts_sql.seed13.train.log,BD_facts_sql,13,39,0.2163,0.3261,6.912e-05,0.1808,1109000.0,0.9518,1.186
finetune/logs/run_20260808_083441/BD_facts_sql.seed13.train.log,BD_facts_sql,13,40,0.2031,0.3002,6.759e-05,0.1699,1137000.0,0.9527,1.216
finetune/logs/run_20260808_083441/BD_facts_sql.seed13.train.log,BD_facts_sql,13,41,0.1415,0.5451,6.604e-05,0.1541,1160000.0,0.9539,1.247
finetune/logs/run_20260808_083441/BD_facts_sql.seed13.train.log,BD_facts_sql,13,42,0.2046,0.3446,6.448e-05,0.2457,1184000.0,0.9446,1.277
finetune/logs/run_20260808_083441/BD_facts_sql.seed13.train.log,BD_facts_sql,13,43,0.1507,0.2934,6.29e-05,0.1487,1212000.0,0.9558,1.307
finetune/logs/run_20260808_083441/BD_facts_sql.seed13.train.log,BD_facts_sql,13,44,0.1198,0.4483,6.131e-05,0.1196,1240000.0,0.9574,1.338
finetune/logs/run_20260808_083441/BD_facts_sql.seed13.train.log,BD_facts_sql,13,45,0.1957,0.8224,5.97e-05,0.196,1270000.0,0.9419,1.368
finetune/logs/run_20260808_083441/BD_facts_sql.seed13.train.log,BD_facts_sql,13,46,0.2264,0.8519,5.809e-05,0.2107,1300000.0,0.9511,1.399
finetune/logs/run_20260808_083441/BD_facts_sql.seed13.train.log,BD_facts_sql,13,47,0.1637,0.1763,5.647e-05,0.1802,1332000.0,0.9528,1.429
finetune/logs/run_20260808_083441/BD_facts_sql.seed13.train.log,BD_facts_sql,13,48,0.1551,0.5538,5.483e-05,0.1832,1358000.0,0.9559,1.46
finetune/logs/run_20260808_083441/BD_facts_sql.seed13.train.log,BD_facts_sql,13,49,0.1704,0.2071,5.32e-05,0.2057,1388000.0,0.9513,1.49
finetune/logs/run_20260808_083441/BD_facts_sql.seed13.train.log,BD_facts_sql,13,50,0.223,0.3939,5.156e-05,0.2126,1407000.0,0.9467,1.521
finetune/logs/run_20260808_083441/BD_facts_sql.seed13.train.log,BD_facts_sql,13,51,0.1436,0.5507,4.992e-05,0.1535,1437000.0,0.9615,1.551
finetune/logs/run_20260808_083441/BD_facts_sql.seed13.train.log,BD_facts_sql,13,52,0.202,0.5521,4.828e-05,0.1932,1467000.0,0.9502,1.581
finetune/logs/run_20260808_083441/BD_facts_sql.seed13.train.log,BD_facts_sql,13,53,0.16,0.2208,4.664e-05,0.1957,1496000.0,0.9549,1.612
finetune/logs/run_20260808_083441/BD_facts_sql.seed13.train.log,BD_facts_sql,13,54,0.1263,0.2097,4.5e-05,0.1382,1526000.0,0.9692,1.642
finetune/logs/run_20260808_083441/BD_facts_sql.seed13.train.log,BD_facts_sql,13,55,0.166,0.3247,4.337e-05,0.1902,1552000.0,0.9518,1.673
finetune/logs/run_20260808_083441/BD_facts_sql.seed13.train.log,BD_facts_sql,13,56,0.1729,0.375,4.175e-05,0.1906,1577000.0,0.95,1.703
finetune/logs/run_20260808_083441/BD_facts_sql.seed13.train.log,BD_facts_sql,13,57,0.1079,0.2355,4.013e-05,0.1224,1609000.0,0.9653,1.734
finetune/logs/run_20260808_083441/BD_facts_sql.seed13.train.log,BD_facts_sql,13,58,0.2222,0.517,3.853e-05,0.2214,1637000.0,0.9368,1.764
finetune/logs/run_20260808_083441/BD_facts_sql.seed13.train.log,BD_facts_sql,13,59,0.1875,0.3258,3.694e-05,0.2124,1665000.0,0.9466,1.795
finetune/logs/run_20260808_083441/BD_facts_sql.seed13.train.log,BD_facts_sql,13,60,0.1576,0.2929,3.536e-05,0.1822,1692000.0,0.9561,1.825
finetune/logs/run_20260808_083441/BD_facts_sql.seed13.train.log,BD_facts_sql,13,61,0.1001,0.1356,3.38e-05,0.1532,1722000.0,0.9653,1.855
finetune/logs/run_20260808_083441/BD_facts_sql.seed13.train.log,BD_facts_sql,13,62,0.1066,0.4994,3.226e-05,0.1178,1750000.0,0.9593,1.886
finetune/logs/run_20260808_083441/BD_facts_sql.seed13.train.log,BD_facts_sql,13,63,0.1736,0.8769,3.073e-05,0.1878,1777000.0,0.9472,1.916
finetune/logs/run_20260808_083441/BD_facts_sql.seed13.train.log,BD_facts_sql,13,64,0.2182,0.1614,2.923e-05,0.2099,1808000.0,0.9372,1.947
finetune/logs/run_20260808_083441/BD_facts_sql.seed13.train.log,BD_facts_sql,13,65,0.1862,1.313,2.775e-05,0.1745,1835000.0,0.9472,1.977
finetune/logs/run_20260808_083441/BD_facts_sql.seed13.train.log,BD_facts_sql,13,66,0.1396,0.2974,2.629e-05,0.1889,1861000.0,0.9575,2.006
finetune/logs/run_20260808_083441/BD_facts_sql.seed13.train.log,BD_facts_sql,13,67,0.09852,0.1295,2.486e-05,0.1263,1891000.0,0.975,2.037
finetune/logs/run_20260808_083441/BD_facts_sql.seed13.train.log,BD_facts_sql,13,68,0.1519,0.435,2.345e-05,0.2234,1923000.0,0.9578,2.067
finetune/logs/run_20260808_083441/BD_facts_sql.seed13.train.log,BD_facts_sql,13,69,0.1163,0.2053,2.208e-05,0.1421,1952000.0,0.963,2.097
finetune/logs/run_20260808_083441/BD_facts_sql.seed13.train.log,BD_facts_sql,13,70,0.1136,0.645,2.073e-05,0.1382,1977000.0,0.968,2.128
finetune/logs/run_20260808_083441/BD_facts_sql.seed13.train.log,BD_facts_sql,13,71,0.1122,0.2348,1.942e-05,0.1452,2003000.0,0.9618,2.158
finetune/logs/run_20260808_083441/BD_facts_sql.seed13.train.log,BD_facts_sql,13,72,0.1334,1.989,1.813e-05,0.139,2028000.0,0.9542,2.189
finetune/logs/run_20260808_083441/BD_facts_sql.seed13.train.log,BD_facts_sql,13,73,0.07396,0.5572,1.689e-05,0.09378,2061000.0,0.974,2.219
finetune/logs/run_20260808_083441/BD_facts_sql.seed13.train.log,BD_facts_sql,13,74,0.09203,0.4075,1.567e-05,0.1015,2094000.0,0.9618,2.25
finetune/logs/run_20260808_083441/BD_facts_sql.seed13.train.log,BD_facts_sql,13,75,0.1655,1.476,1.45e-05,0.1762,2116000.0,0.9526,2.28
finetune/logs/run_20260808_083441/BD_facts_sql.seed13.train.log,BD_facts_sql,13,76,0.09068,0.7516,1.336e-05,0.1235,2146000.0,0.9625,2.311
finetune/logs/run_20260808_083441/BD_facts_sql.seed13.train.log,BD_facts_sql,13,77,0.1244,0.4256,1.227e-05,0.1114,2174000.0,0.9678,2.341
finetune/logs/run_20260808_083441/BD_facts_sql.seed13.train.log,BD_facts_sql,13,78,0.07701,0.3178,1.121e-05,0.1053,2205000.0,0.9722,2.371
finetune/logs/run_20260808_083441/BD_facts_sql.seed13.train.log,BD_facts_sql,13,79,0.0999,0.4734,1.02e-05,0.1129,2227000.0,0.9678,2.402
finetune/logs/run_20260808_083441/BD_facts_sql.seed13.train.log,BD_facts_sql,13,80,0.08245,0.6243,9.224e-06,0.07988,2265000.0,0.9726,2.432
finetune/logs/run_20260808_083441/BD_facts_sql.seed13.train.log,BD_facts_sql,13,81,0.1024,0.5006,8.296e-06,0.1208,2295000.0,0.9649,2.463
finetune/logs/run_20260808_083441/BD_facts_sql.seed13.train.log,BD_facts_sql,13,82,0.1034,0.2781,7.413e-06,0.119,2323000.0,0.9633,2.493
finetune/logs/run_20260808_083441/BD_facts_sql.seed13.train.log,BD_facts_sql,13,83,0.09423,0.4402,6.576e-06,0.105,2350000.0,0.9667,2.524
finetune/logs/run_20260808_083441/BD_facts_sql.seed13.train.log,BD_facts_sql,13,84,0.0889,0.4167,5.786e-06,0.1158,2380000.0,0.9675,2.554
finetune/logs/run_20260808_083441/BD_facts_sql.seed13.train.log,BD_facts_sql,13,85,0.08435,0.2486,5.044e-06,0.1022,2413000.0,0.9675,2.584
finetune/logs/run_20260808_083441/BD_facts_sql.seed13.train.log,BD_facts_sql,13,86,0.1532,0.3378,4.349e-06,0.1415,2441000.0,0.9535,2.615
finetune/logs/run_20260808_083441/BD_facts_sql.seed13.train.log,BD_facts_sql,13,87,0.08396,0.2623,3.705e-06,0.1129,2468000.0,0.9737,2.645
finetune/logs/run_20260808_083441/BD_facts_sql.seed13.train.log,BD_facts_sql,13,88,0.1204,0.434,3.11e-06,0.1518,2491000.0,0.9589,2.676
finetune/logs/run_20260808_083441/BD_facts_sql.seed13.train.log,BD_facts_sql,13,89,0.1356,0.302,2.565e-06,0.1423,2526000.0,0.957,2.706
finetune/logs/run_20260808_083441/BD_facts_sql.seed13.train.log,BD_facts_sql,13,90,0.1231,0.2551,2.072e-06,0.1461,2549000.0,0.9601,2.737
finetune/logs/run_20260808_083441/BD_facts_sql.seed13.train.log,BD_facts_sql,13,91,0.09602,0.9667,1.63e-06,0.1171,2575000.0,0.9689,2.767
finetune/logs/run_20260808_083441/BD_facts_sql.seed13.train.log,BD_facts_sql,13,92,0.1245,0.2933,1.241e-06,0.1376,2602000.0,0.9595,2.798
finetune/logs/run_20260808_083441/BD_facts_sql.seed13.train.log,BD_facts_sql,13,93,0.1103,0.4219,9.036e-07,0.1358,2628000.0,0.9635,2.828
finetune/logs/run_20260808_083441/BD_facts_sql.seed13.train.log,BD_facts_sql,13,94,0.1231,0.4793,6.194e-07,0.1321,2653000.0,0.9586,2.858
finetune/logs/run_20260808_083441/BD_facts_sql.seed13.train.log,BD_facts_sql,13,95,0.09646,0.5407,3.885e-07,0.1286,2687000.0,0.9657,2.889
finetune/logs/run_20260808_083441/BD_facts_sql.seed13.train.log,BD_facts_sql,13,96,0.0908,0.2503,2.111e-07,0.1024,2719000.0,0.9658,2.919
finetune/logs/run_20260808_083441/BD_facts_sql.seed13.train.log,BD_facts_sql,13,97,0.1125,0.4263,8.726e-08,0.1253,2750000.0,0.9631,2.95
finetune/logs/run_20260808_083441/BD_facts_sql.seed13.train.log,BD_facts_sql,13,98,0.1147,0.5724,1.724e-08,0.1365,2771000.0,0.9596,2.98
finetune/logs/run_20260808_083441/BD_facts_sql.seed29.train.log,BD_facts_sql,29,1,3.417,7.97,3e-05,0.4075,27010.0,0.6508,0.03044
finetune/logs/run_20260808_083441/BD_facts_sql.seed29.train.log,BD_facts_sql,29,2,0.9456,1.196,6.333e-05,0.5513,50620.0,0.8064,0.06088
finetune/logs/run_20260808_083441/BD_facts_sql.seed29.train.log,BD_facts_sql,29,3,0.4975,1.223,9.667e-05,0.562,76760.0,0.8974,0.09132
finetune/logs/run_20260808_083441/BD_facts_sql.seed29.train.log,BD_facts_sql,29,4,0.2306,1.167,9.998e-05,0.232,108300.0,0.9473,0.1218
finetune/logs/run_20260808_083441/BD_facts_sql.seed29.train.log,BD_facts_sql,29,5,0.2839,0.6548,9.99e-05,0.2854,138800.0,0.9312,0.1522
finetune/logs/run_20260808_083441/BD_facts_sql.seed29.train.log,BD_facts_sql,29,6,0.2336,0.5785,9.977e-05,0.2782,172100.0,0.9429,0.1826
finetune/logs/run_20260808_083441/BD_facts_sql.seed29.train.log,BD_facts_sql,29,7,0.3122,0.5688,9.959e-05,0.304,194800.0,0.9236,0.2131
finetune/logs/run_20260808_083441/BD_facts_sql.seed29.train.log,BD_facts_sql,29,8,0.1927,0.2452,9.935e-05,0.1807,229100.0,0.9502,0.2435
finetune/logs/run_20260808_083441/BD_facts_sql.seed29.train.log,BD_facts_sql,29,9,0.2276,0.4408,9.907e-05,0.2238,254400.0,0.9415,0.274
finetune/logs/run_20260808_083441/BD_facts_sql.seed29.train.log,BD_facts_sql,29,10,0.2407,0.6201,9.872e-05,0.2447,285900.0,0.9443,0.3044
finetune/logs/run_20260808_083441/BD_facts_sql.seed29.train.log,BD_facts_sql,29,11,0.1492,0.307,9.833e-05,0.1822,313000.0,0.9546,0.3349
finetune/logs/run_20260808_083441/BD_facts_sql.seed29.train.log,BD_facts_sql,29,12,0.2082,0.5423,9.788e-05,0.1972,341000.0,0.9504,0.3653
finetune/logs/run_20260808_083441/BD_facts_sql.seed29.train.log,BD_facts_sql,29,13,0.1101,0.2045,9.738e-05,0.1619,380500.0,0.9651,0.3957
finetune/logs/run_20260808_083441/BD_facts_sql.seed29.train.log,BD_facts_sql,29,14,0.2505,0.1471,9.683e-05,0.2311,407500.0,0.9492,0.4262
finetune/logs/run_20260808_083441/BD_facts_sql.seed29.train.log,BD_facts_sql,29,15,0.2989,0.3304,9.623e-05,0.3064,435400.0,0.9337,0.4566
finetune/logs/run_20260808_083441/BD_facts_sql.seed29.train.log,BD_facts_sql,29,16,0.1616,0.2668,9.558e-05,0.1831,463400.0,0.9533,0.4871
finetune/logs/run_20260808_083441/BD_facts_sql.seed29.train.log,BD_facts_sql,29,17,0.294,0.4581,9.488e-05,0.2976,485900.0,0.942,0.5175
finetune/logs/run_20260808_083441/BD_facts_sql.seed29.train.log,BD_facts_sql,29,18,0.1871,0.4596,9.414e-05,0.2296,517500.0,0.952,0.5479
finetune/logs/run_20260808_083441/BD_facts_sql.seed29.train.log,BD_facts_sql,29,19,0.3335,0.8798,9.334e-05,0.3286,541900.0,0.92,0.5784
finetune/logs/run_20260808_083441/BD_facts_sql.seed29.train.log,BD_facts_sql,29,20,0.1315,0.4268,9.25e-05,0.1713,565400.0,0.9602,0.6088
finetune/logs/run_20260808_083441/BD_facts_sql.seed29.train.log,BD_facts_sql,29,21,0.1299,0.7263,9.161e-05,0.1662,595100.0,0.9603,0.6393
finetune/logs/run_20260808_083441/BD_facts_sql.seed29.train.log,BD_facts_sql,29,22,0.2182,0.472,9.068e-05,0.1833,623900.0,0.9496,0.6697
finetune/logs/run_20260808_083441/BD_facts_sql.seed29.train.log,BD_facts_sql,29,23,0.3878,0.9228,8.971e-05,0.3272,650900.0,0.9284,0.7002
finetune/logs/run_20260808_083441/BD_facts_sql.seed29.train.log,BD_facts_sql,29,24,0.3401,0.4021,8.869e-05,0.2817,680600.0,0.9365,0.7306
finetune/logs/run_20260808_083441/BD_facts_sql.seed29.train.log,BD_facts_sql,29,25,0.2717,0.3548,8.763e-05,0.2649,709500.0,0.937,0.761
finetune/logs/run_20260808_083441/BD_facts_sql.seed29.train.log,BD_facts_sql,29,26,0.2984,0.3139,8.652e-05,0.2928,731000.0,0.9325,0.7915
finetune/logs/run_20260808_083441/BD_facts_sql.seed29.train.log,BD_facts_sql,29,27,0.3512,0.741,8.538e-05,0.2971,754600.0,0.9274,0.8219
finetune/logs/run_20260808_083441/BD_facts_sql.seed29.train.log,BD_facts_sql,29,28,0.1926,0.3236,8.421e-05,0.2032,783600.0,0.948,0.8524
finetune/logs/run_20260808_083441/BD_facts_sql.seed29.train.log,BD_facts_sql,29,29,0.22,0.3211,8.299e-05,0.2478,815200.0,0.9517,0.8828
finetune/logs/run_20260808_083441/BD_facts_sql.seed29.train.log,BD_facts_sql,29,30,0.2698,0.4561,8.174e-05,0.2325,840500.0,0.9373,0.9132
finetune/logs/run_20260808_083441/BD_facts_sql.seed29.train.log,BD_facts_sql,29,31,0.1862,0.2008,8.045e-05,0.2526,872900.0,0.9435,0.9437
finetune/logs/run_20260808_083441/BD_facts_sql.seed29.train.log,BD_facts_sql,29,32,0.2153,0.6409,7.914e-05,0.2195,904400.0,0.9508,0.9741
finetune/logs/run_20260808_083441/BD_facts_sql.seed29.train.log,BD_facts_sql,29,33,0.2262,0.2591,7.779e-05,0.2069,931200.0,0.9475,1.003
finetune/logs/run_20260808_083441/BD_facts_sql.seed29.train.log,BD_facts_sql,29,34,0.201,0.4006,7.641e-05,0.2695,961000.0,0.9415,1.033
finetune/logs/run_20260808_083441/BD_facts_sql.seed29.train.log,BD_facts_sql,29,35,0.1578,0.4149,7.5e-05,0.1913,995300.0,0.9514,1.064
finetune/logs/run_20260808_083441/BD_facts_sql.seed29.train.log,BD_facts_sql,29,36,0.1857,0.6001,7.357e-05,0.2114,1020000.0,0.9441,1.094
finetune/logs/run_20260808_083441/BD_facts_sql.seed29.train.log,BD_facts_sql,29,37,0.1689,0.4232,7.211e-05,0.1648,1053000.0,0.9542,1.125
finetune/logs/run_20260808_083441/BD_facts_sql.seed29.train.log,BD_facts_sql,29,38,0.158,0.3431,7.062e-05,0.1448,1081000.0,0.9576,1.155
finetune/logs/run_20260808_083441/BD_facts_sql.seed29.train.log,BD_facts_sql,29,39,0.2276,1.021,6.912e-05,0.2471,1107000.0,0.9436,1.186
finetune/logs/run_20260808_083441/BD_facts_sql.seed29.train.log,BD_facts_sql,29,40,0.1816,0.7882,6.759e-05,0.1705,1136000.0,0.9539,1.216
finetune/logs/run_20260808_083441/BD_facts_sql.seed29.train.log,BD_facts_sql,29,41,0.1315,0.5217,6.604e-05,0.1551,1167000.0,0.9646,1.247
finetune/logs/run_20260808_083441/BD_facts_sql.seed29.train.log,BD_facts_sql,29,42,0.1245,0.5524,6.448e-05,0.1578,1199000.0,0.9625,1.277
finetune/logs/run_20260808_083441/BD_facts_sql.seed29.train.log,BD_facts_sql,29,43,0.1465,0.5041,6.29e-05,0.1581,1229000.0,0.9571,1.307
finetune/logs/run_20260808_083441/BD_facts_sql.seed29.train.log,BD_facts_sql,29,44,0.1418,0.3015,6.131e-05,0.1741,1258000.0,0.952,1.338
finetune/logs/run_20260808_083441/BD_facts_sql.seed29.train.log,BD_facts_sql,29,45,0.1966,1.048,5.97e-05,0.1892,1287000.0,0.9544,1.368
finetune/logs/run_20260808_083441/BD_facts_sql.seed29.train.log,BD_facts_sql,29,46,0.2301,0.9154,5.809e-05,0.2403,1306000.0,0.9405,1.399
finetune/logs/run_20260808_083441/BD_facts_sql.seed29.train.log,BD_facts_sql,29,47,0.1503,0.3181,5.647e-05,0.1952,1333000.0,0.9547,1.429
finetune/logs/run_20260808_083441/BD_facts_sql.seed29.train.log,BD_facts_sql,29,48,0.1407,0.4031,5.483e-05,0.1708,1358000.0,0.9597,1.46
finetune/logs/run_20260808_083441/BD_facts_sql.seed29.train.log,BD_facts_sql,29,49,0.1162,0.333,5.32e-05,0.1198,1387000.0,0.9609,1.49
finetune/logs/run_20260808_083441/BD_facts_sql.seed29.train.log,BD_facts_sql,29,50,0.1764,0.4147,5.156e-05,0.1778,1413000.0,0.9495,1.521
finetune/logs/run_20260808_083441/BD_facts_sql.seed29.train.log,BD_facts_sql,29,51,0.1952,0.3963,4.992e-05,0.1798,1432000.0,0.9447,1.551
finetune/logs/run_20260808_083441/BD_facts_sql.seed29.train.log,BD_facts_sql,29,52,0.192,0.4305,4.828e-05,0.1859,1462000.0,0.9444,1.581
finetune/logs/run_20260808_083441/BD_facts_sql.seed29.train.log,BD_facts_sql,29,53,0.2137,0.2544,4.664e-05,0.2039,1488000.0,0.9433,1.612
finetune/logs/run_20260808_083441/BD_facts_sql.seed29.train.log,BD_facts_sql,29,54,0.1312,0.4456,4.5e-05,0.1702,1526000.0,0.9637,1.642
finetune/logs/run_20260808_083441/BD_facts_sql.seed29.train.log,BD_facts_sql,29,55,0.1544,0.3881,4.337e-05,0.1995,1556000.0,0.957,1.673
finetune/logs/run_20260808_083441/BD_facts_sql.seed29.train.log,BD_facts_sql,29,56,0.2299,0.2748,4.175e-05,0.228,1580000.0,0.9344,1.703
finetune/logs/run_20260808_083441/BD_facts_sql.seed29.train.log,BD_facts_sql,29,57,0.1343,0.4677,4.013e-05,0.1749,1609000.0,0.9586,1.734
finetune/logs/run_20260808_083441/BD_facts_sql.seed29.train.log,BD_facts_sql,29,58,0.1969,0.6307,3.853e-05,0.1838,1638000.0,0.945,1.764
finetune/logs/run_20260808_083441/BD_facts_sql.seed29.train.log,BD_facts_sql,29,59,0.1717,0.2497,3.694e-05,0.1793,1666000.0,0.9514,1.795
finetune/logs/run_20260808_083441/BD_facts_sql.seed29.train.log,BD_facts_sql,29,60,0.1948,0.1949,3.536e-05,0.1948,1691000.0,0.9533,1.825
finetune/logs/run_20260808_083441/BD_facts_sql.seed29.train.log,BD_facts_sql,29,61,0.1756,0.4616,3.38e-05,0.2025,1716000.0,0.9481,1.855
finetune/logs/run_20260808_083441/BD_facts_sql.seed29.train.log,BD_facts_sql,29,62,0.1038,0.631,3.226e-05,0.1244,1748000.0,0.9668,1.886
finetune/logs/run_20260808_083441/BD_facts_sql.seed29.train.log,BD_facts_sql,29,63,0.2335,0.6921,3.073e-05,0.2043,1782000.0,0.9435,1.916
finetune/logs/run_20260808_083441/BD_facts_sql.seed29.train.log,BD_facts_sql,29,64,0.1599,0.3716,2.923e-05,0.1906,1812000.0,0.9508,1.947
finetune/logs/run_20260808_083441/BD_facts_sql.seed29.train.log,BD_facts_sql,29,65,0.2457,1.102,2.775e-05,0.242,1837000.0,0.9422,1.977
finetune/logs/run_20260808_083441/BD_facts_sql.seed29.train.log,BD_facts_sql,29,66,0.1763,0.4468,2.629e-05,0.1995,1860000.0,0.9549,2.006
finetune/logs/run_20260808_083441/BD_facts_sql.seed29.train.log,BD_facts_sql,29,67,0.1181,0.3632,2.486e-05,0.157,1887000.0,0.9659,2.037
finetune/logs/run_20260808_083441/BD_facts_sql.seed29.train.log,BD_facts_sql,29,68,0.1094,0.4855,2.345e-05,0.1497,1917000.0,0.9632,2.067
finetune/logs/run_20260808_083441/BD_facts_sql.seed29.train.log,BD_facts_sql,29,69,0.1137,0.2425,2.208e-05,0.1338,1940000.0,0.963,2.097
finetune/logs/run_20260808_083441/BD_facts_sql.seed29.train.log,BD_facts_sql,29,70,0.1627,0.5946,2.073e-05,0.172,1959000.0,0.9516,2.128
finetune/logs/run_20260808_083441/BD_facts_sql.seed29.train.log,BD_facts_sql,29,71,0.128,0.4894,1.942e-05,0.1739,1984000.0,0.9606,2.158
finetune/logs/run_20260808_083441/BD_facts_sql.seed29.train.log,BD_facts_sql,29,72,0.1464,0.3151,1.813e-05,0.1467,2013000.0,0.959,2.189
finetune/logs/run_20260808_083441/BD_facts_sql.seed29.train.log,BD_facts_sql,29,73,0.08317,0.5502,1.689e-05,0.1108,2047000.0,0.9717,2.219
finetune/logs/run_20260808_083441/BD_facts_sql.seed29.train.log,BD_facts_sql,29,74,0.1076,0.2046,1.567e-05,0.1204,2075000.0,0.9653,2.25
finetune/logs/run_20260808_083441/BD_facts_sql.seed29.train.log,BD_facts_sql,29,75,0.1004,1.704,1.45e-05,0.1199,2101000.0,0.967,2.28
finetune/logs/run_20260808_083441/BD_facts_sql.seed29.train.log,BD_facts_sql,29,76,0.1205,0.7212,1.336e-05,0.1369,2125000.0,0.9612,2.311
finetune/logs/run_20260808_083441/BD_facts_sql.seed29.train.log,BD_facts_sql,29,77,0.1257,0.3526,1.227e-05,0.1312,2151000.0,0.9567,2.341
finetune/logs/run_20260808_083441/BD_facts_sql.seed29.train.log,BD_facts_sql,29,78,0.1599,1.388,1.121e-05,0.1583,2176000.0,0.9557,2.371
finetune/logs/run_20260808_083441/BD_facts_sql.seed29.train.log,BD_facts_sql,29,79,0.1381,0.5548,1.02e-05,0.1473,2204000.0,0.9636,2.402
finetune/logs/run_20260808_083441/BD_facts_sql.seed29.train.log,BD_facts_sql,29,80,0.1009,0.5342,9.224e-06,0.1317,2236000.0,0.9696,2.432
finetune/logs/run_20260808_083441/BD_facts_sql.seed29.train.log,BD_facts_sql,29,81,0.08529,0.2333,8.296e-06,0.1023,2265000.0,0.9665,2.463
finetune/logs/run_20260808_083441/BD_facts_sql.seed29.train.log,BD_facts_sql,29,82,0.1048,0.2354,7.413e-06,0.133,2297000.0,0.9642,2.493
finetune/logs/run_20260808_083441/BD_facts_sql.seed29.train.log,BD_facts_sql,29,83,0.0853,0.8489,6.576e-06,0.1143,2328000.0,0.9725,2.524
finetune/logs/run_20260808_083441/BD_facts_sql.seed29.train.log,BD_facts_sql,29,84,0.08986,0.4062,5.786e-06,0.1128,2356000.0,0.9659,2.554
finetune/logs/run_20260808_083441/BD_facts_sql.seed29.train.log,BD_facts_sql,29,85,0.08215,0.1767,5.044e-06,0.1057,2391000.0,0.9697,2.584
finetune/logs/run_20260808_083441/BD_facts_sql.seed29.train.log,BD_facts_sql,29,86,0.09798,0.8404,4.349e-06,0.106,2418000.0,0.9723,2.615
finetune/logs/run_20260808_083441/BD_facts_sql.seed29.train.log,BD_facts_sql,29,87,0.1176,0.4638,3.705e-06,0.126,2445000.0,0.958,2.645
finetune/logs/run_20260808_083441/BD_facts_sql.seed29.train.log,BD_facts_sql,29,88,0.09094,0.1834,3.11e-06,0.09823,2473000.0,0.9726,2.676
finetune/logs/run_20260808_083441/BD_facts_sql.seed29.train.log,BD_facts_sql,29,89,0.09438,0.1465,2.565e-06,0.1066,2508000.0,0.9695,2.706
finetune/logs/run_20260808_083441/BD_facts_sql.seed29.train.log,BD_facts_sql,29,90,0.1044,0.4604,2.072e-06,0.1331,2540000.0,0.9612,2.737
finetune/logs/run_20260808_083441/BD_facts_sql.seed29.train.log,BD_facts_sql,29,91,0.1363,0.3618,1.63e-06,0.1672,2565000.0,0.9519,2.767
finetune/logs/run_20260808_083441/BD_facts_sql.seed29.train.log,BD_facts_sql,29,92,0.06824,0.2423,1.241e-06,0.07774,2599000.0,0.9747,2.798
finetune/logs/run_20260808_083441/BD_facts_sql.seed29.train.log,BD_facts_sql,29,93,0.1598,1.083,9.036e-07,0.1646,2627000.0,0.9457,2.828
finetune/logs/run_20260808_083441/BD_facts_sql.seed29.train.log,BD_facts_sql,29,94,0.09383,0.4748,6.194e-07,0.1107,2652000.0,0.9668,2.858
finetune/logs/run_20260808_083441/BD_facts_sql.seed29.train.log,BD_facts_sql,29,95,0.1263,0.5481,3.885e-07,0.1383,2682000.0,0.9603,2.889
finetune/logs/run_20260808_083441/BD_facts_sql.seed29.train.log,BD_facts_sql,29,96,0.08039,0.2005,2.111e-07,0.1113,2711000.0,0.9663,2.919
finetune/logs/run_20260808_083441/BD_facts_sql.seed29.train.log,BD_facts_sql,29,97,0.1293,0.2199,8.726e-08,0.1262,2738000.0,0.9612,2.95
finetune/logs/run_20260808_083441/BD_facts_sql.seed29.train.log,BD_facts_sql,29,98,0.125,0.5421,1.724e-08,0.1519,2765000.0,0.959,2.98
finetune/logs/run_20260808_083441/BD_facts_sql.seed47.train.log,BD_facts_sql,47,1,3.756,5.584,3e-05,0.4183,23540.0,0.6333,0.03044
finetune/logs/run_20260808_083441/BD_facts_sql.seed47.train.log,BD_facts_sql,47,2,0.9603,0.78,6.333e-05,0.5442,51570.0,0.801,0.06088
finetune/logs/run_20260808_083441/BD_facts_sql.seed47.train.log,BD_facts_sql,47,3,0.3608,0.5931,9.667e-05,0.4619,85800.0,0.9107,0.09132
finetune/logs/run_20260808_083441/BD_facts_sql.seed47.train.log,BD_facts_sql,47,4,0.3526,0.8489,9.998e-05,0.309,110300.0,0.9292,0.1218
finetune/logs/run_20260808_083441/BD_facts_sql.seed47.train.log,BD_facts_sql,47,5,0.2333,0.353,9.99e-05,0.2653,139200.0,0.9389,0.1522
finetune/logs/run_20260808_083441/BD_facts_sql.seed47.train.log,BD_facts_sql,47,6,0.1739,0.4226,9.977e-05,0.1807,167200.0,0.9585,0.1826
finetune/logs/run_20260808_083441/BD_facts_sql.seed47.train.log,BD_facts_sql,47,7,0.2683,0.9545,9.959e-05,0.2416,193400.0,0.939,0.2131
finetune/logs/run_20260808_083441/BD_facts_sql.seed47.train.log,BD_facts_sql,47,8,0.2781,0.8206,9.935e-05,0.2896,217600.0,0.937,0.2435
finetune/logs/run_20260808_083441/BD_facts_sql.seed47.train.log,BD_facts_sql,47,9,0.3712,0.1645,9.907e-05,0.3433,243000.0,0.9254,0.274
finetune/logs/run_20260808_083441/BD_facts_sql.seed47.train.log,BD_facts_sql,47,10,0.2921,0.4705,9.872e-05,0.2952,266400.0,0.9306,0.3044
finetune/logs/run_20260808_083441/BD_facts_sql.seed47.train.log,BD_facts_sql,47,11,0.2892,0.6524,9.833e-05,0.2923,291600.0,0.9269,0.3349
finetune/logs/run_20260808_083441/BD_facts_sql.seed47.train.log,BD_facts_sql,47,12,0.3412,0.5596,9.788e-05,0.3105,322300.0,0.9308,0.3653
finetune/logs/run_20260808_083441/BD_facts_sql.seed47.train.log,BD_facts_sql,47,13,0.2823,0.5121,9.738e-05,0.3123,348600.0,0.9282,0.3957
finetune/logs/run_20260808_083441/BD_facts_sql.seed47.train.log,BD_facts_sql,47,14,0.3319,0.7684,9.683e-05,0.2941,376600.0,0.9347,0.4262
finetune/logs/run_20260808_083441/BD_facts_sql.seed47.train.log,BD_facts_sql,47,15,0.2802,0.3712,9.623e-05,0.3076,404700.0,0.9367,0.4566
finetune/logs/run_20260808_083441/BD_facts_sql.seed47.train.log,BD_facts_sql,47,16,0.2536,0.405,9.558e-05,0.2822,427200.0,0.9318,0.4871
finetune/logs/run_20260808_083441/BD_facts_sql.seed47.train.log,BD_facts_sql,47,17,0.1946,0.1913,9.488e-05,0.2045,460400.0,0.9455,0.5175
finetune/logs/run_20260808_083441/BD_facts_sql.seed47.train.log,BD_facts_sql,47,18,0.2566,0.2887,9.414e-05,0.2258,486500.0,0.9449,0.5479
finetune/logs/run_20260808_083441/BD_facts_sql.seed47.train.log,BD_facts_sql,47,19,0.2711,0.4244,9.334e-05,0.3192,509900.0,0.9321,0.5784
finetune/logs/run_20260808_083441/BD_facts_sql.seed47.train.log,BD_facts_sql,47,20,0.183,0.3956,9.25e-05,0.1963,537900.0,0.9537,0.6088
finetune/logs/run_20260808_083441/BD_facts_sql.seed47.train.log,BD_facts_sql,47,21,0.2003,0.3542,9.161e-05,0.1976,574000.0,0.9413,0.6393
finetune/logs/run_20260808_083441/BD_facts_sql.seed47.train.log,BD_facts_sql,47,22,0.2614,0.5751,9.068e-05,0.2409,601000.0,0.9322,0.6697
finetune/logs/run_20260808_083441/BD_facts_sql.seed47.train.log,BD_facts_sql,47,23,0.2263,0.3592,8.971e-05,0.2378,637100.0,0.9566,0.7002
finetune/logs/run_20260808_083441/BD_facts_sql.seed47.train.log,BD_facts_sql,47,24,0.1858,0.2306,8.869e-05,0.2053,663300.0,0.9537,0.7306
finetune/logs/run_20260808_083441/BD_facts_sql.seed47.train.log,BD_facts_sql,47,25,0.1259,0.4728,8.763e-05,0.1551,695600.0,0.9684,0.761
finetune/logs/run_20260808_083441/BD_facts_sql.seed47.train.log,BD_facts_sql,47,26,0.2384,0.4575,8.652e-05,0.2549,727100.0,0.9446,0.7915
finetune/logs/run_20260808_083441/BD_facts_sql.seed47.train.log,BD_facts_sql,47,27,0.184,0.3076,8.538e-05,0.2158,754900.0,0.9542,0.8219
finetune/logs/run_20260808_083441/BD_facts_sql.seed47.train.log,BD_facts_sql,47,28,0.1617,0.4896,8.421e-05,0.186,787200.0,0.9542,0.8524
finetune/logs/run_20260808_083441/BD_facts_sql.seed47.train.log,BD_facts_sql,47,29,0.186,0.08626,8.299e-05,0.1813,810600.0,0.9491,0.8828
finetune/logs/run_20260808_083441/BD_facts_sql.seed47.train.log,BD_facts_sql,47,30,0.1648,0.3178,8.174e-05,0.1686,842300.0,0.9565,0.9132
finetune/logs/run_20260808_083441/BD_facts_sql.seed47.train.log,BD_facts_sql,47,31,0.2476,0.46,8.045e-05,0.2254,873800.0,0.9435,0.9437
finetune/logs/run_20260808_083441/BD_facts_sql.seed47.train.log,BD_facts_sql,47,32,0.2053,0.1512,7.914e-05,0.229,908100.0,0.9432,0.9741
finetune/logs/run_20260808_083441/BD_facts_sql.seed47.train.log,BD_facts_sql,47,33,0.1903,0.3206,7.779e-05,0.2525,930400.0,0.9446,1.003
finetune/logs/run_20260808_083441/BD_facts_sql.seed47.train.log,BD_facts_sql,47,34,0.2041,0.292,7.641e-05,0.216,960200.0,0.9428,1.033
finetune/logs/run_20260808_083441/BD_facts_sql.seed47.train.log,BD_facts_sql,47,35,0.1659,0.3672,7.5e-05,0.1739,989900.0,0.9548,1.064
finetune/logs/run_20260808_083441/BD_facts_sql.seed47.train.log,BD_facts_sql,47,36,0.1991,0.1985,7.357e-05,0.1853,1020000.0,0.9519,1.094
finetune/logs/run_20260808_083441/BD_facts_sql.seed47.train.log,BD_facts_sql,47,37,0.1358,0.2669,7.211e-05,0.164,1054000.0,0.9616,1.125
finetune/logs/run_20260808_083441/BD_facts_sql.seed47.train.log,BD_facts_sql,47,38,0.1043,0.2744,7.062e-05,0.1194,1082000.0,0.9654,1.155
finetune/logs/run_20260808_083441/BD_facts_sql.seed47.train.log,BD_facts_sql,47,39,0.1175,0.2764,6.912e-05,0.1216,1111000.0,0.9627,1.186
finetune/logs/run_20260808_083441/BD_facts_sql.seed47.train.log,BD_facts_sql,47,40,0.1829,0.7706,6.759e-05,0.196,1134000.0,0.9447,1.216
finetune/logs/run_20260808_083441/BD_facts_sql.seed47.train.log,BD_facts_sql,47,41,0.1816,0.2855,6.604e-05,0.207,1164000.0,0.94,1.247
finetune/logs/run_20260808_083441/BD_facts_sql.seed47.train.log,BD_facts_sql,47,42,0.1515,0.3516,6.448e-05,0.1725,1194000.0,0.9571,1.277
finetune/logs/run_20260808_083441/BD_facts_sql.seed47.train.log,BD_facts_sql,47,43,0.1296,0.4539,6.29e-05,0.1447,1221000.0,0.9629,1.307
finetune/logs/run_20260808_083441/BD_facts_sql.seed47.train.log,BD_facts_sql,47,44,0.09769,0.625,6.131e-05,0.1276,1249000.0,0.9696,1.338
finetune/logs/run_20260808_083441/BD_facts_sql.seed47.train.log,BD_facts_sql,47,45,0.1545,0.7513,5.97e-05,0.1624,1275000.0,0.9601,1.368
finetune/logs/run_20260808_083441/BD_facts_sql.seed47.train.log,BD_facts_sql,47,46,0.1768,0.4338,5.809e-05,0.1696,1302000.0,0.9514,1.399
finetune/logs/run_20260808_083441/BD_facts_sql.seed47.train.log,BD_facts_sql,47,47,0.2049,0.1894,5.647e-05,0.2106,1329000.0,0.9385,1.429
finetune/logs/run_20260808_083441/BD_facts_sql.seed47.train.log,BD_facts_sql,47,48,0.1434,0.1149,5.483e-05,0.1694,1358000.0,0.956,1.46
finetune/logs/run_20260808_083441/BD_facts_sql.seed47.train.log,BD_facts_sql,47,49,0.1773,0.3964,5.32e-05,0.1809,1383000.0,0.953,1.49
finetune/logs/run_20260808_083441/BD_facts_sql.seed47.train.log,BD_facts_sql,47,50,0.1802,0.1424,5.156e-05,0.1737,1411000.0,0.9579,1.521
finetune/logs/run_20260808_083441/BD_facts_sql.seed47.train.log,BD_facts_sql,47,51,0.1432,0.2447,4.992e-05,0.1831,1440000.0,0.9561,1.551
finetune/logs/run_20260808_083441/BD_facts_sql.seed47.train.log,BD_facts_sql,47,52,0.1431,0.3462,4.828e-05,0.1817,1470000.0,0.9595,1.581
finetune/logs/run_20260808_083441/BD_facts_sql.seed47.train.log,BD_facts_sql,47,53,0.1412,0.2693,4.664e-05,0.1743,1502000.0,0.956,1.612
finetune/logs/run_20260808_083441/BD_facts_sql.seed47.train.log,BD_facts_sql,47,54,0.2079,0.5238,4.5e-05,0.2111,1526000.0,0.9401,1.642
finetune/logs/run_20260808_083441/BD_facts_sql.seed47.train.log,BD_facts_sql,47,55,0.1871,0.2265,4.337e-05,0.2172,1555000.0,0.9479,1.673
finetune/logs/run_20260808_083441/BD_facts_sql.seed47.train.log,BD_facts_sql,47,56,0.1936,0.4365,4.175e-05,0.2122,1584000.0,0.9447,1.703
finetune/logs/run_20260808_083441/BD_facts_sql.seed47.train.log,BD_facts_sql,47,57,0.1566,0.287,4.013e-05,0.1796,1610000.0,0.9599,1.734
finetune/logs/run_20260808_083441/BD_facts_sql.seed47.train.log,BD_facts_sql,47,58,0.2541,1.288,3.853e-05,0.2589,1636000.0,0.948,1.764
finetune/logs/run_20260808_083441/BD_facts_sql.seed47.train.log,BD_facts_sql,47,59,0.2596,0.3612,3.694e-05,0.2272,1658000.0,0.9363,1.795
finetune/logs/run_20260808_083441/BD_facts_sql.seed47.train.log,BD_facts_sql,47,60,0.1432,0.4302,3.536e-05,0.1629,1688000.0,0.9529,1.825
finetune/logs/run_20260808_083441/BD_facts_sql.seed47.train.log,BD_facts_sql,47,61,0.1824,0.2669,3.38e-05,0.2075,1714000.0,0.9491,1.855
finetune/logs/run_20260808_083441/BD_facts_sql.seed47.train.log,BD_facts_sql,47,62,0.1638,0.5663,3.226e-05,0.184,1742000.0,0.9482,1.886
finetune/logs/run_20260808_083441/BD_facts_sql.seed47.train.log,BD_facts_sql,47,63,0.1222,0.6543,3.073e-05,0.148,1770000.0,0.9642,1.916
finetune/logs/run_20260808_083441/BD_facts_sql.seed47.train.log,BD_facts_sql,47,64,0.2903,0.2443,2.923e-05,0.2655,1798000.0,0.9266,1.947
finetune/logs/run_20260808_083441/BD_facts_sql.seed47.train.log,BD_facts_sql,47,65,0.1041,1.141,2.775e-05,0.1196,1835000.0,0.967,1.977
finetune/logs/run_20260808_083441/BD_facts_sql.seed47.train.log,BD_facts_sql,47,66,0.2166,0.154,2.629e-05,0.2516,1862000.0,0.948,2.006
finetune/logs/run_20260808_083441/BD_facts_sql.seed47.train.log,BD_facts_sql,47,67,0.1394,0.4307,2.486e-05,0.1955,1889000.0,0.9544,2.037
finetune/logs/run_20260808_083441/BD_facts_sql.seed47.train.log,BD_facts_sql,47,68,0.08923,0.35,2.345e-05,0.1408,1922000.0,0.9726,2.067
finetune/logs/run_20260808_083441/BD_facts_sql.seed47.train.log,BD_facts_sql,47,69,0.1214,0.7079,2.208e-05,0.1786,1948000.0,0.9659,2.097
finetune/logs/run_20260808_083441/BD_facts_sql.seed47.train.log,BD_facts_sql,47,70,0.103,0.5382,2.073e-05,0.1237,1975000.0,0.9693,2.128
finetune/logs/run_20260808_083441/BD_facts_sql.seed47.train.log,BD_facts_sql,47,71,0.11,0.1977,1.942e-05,0.1419,2007000.0,0.9615,2.158
finetune/logs/run_20260808_083441/BD_facts_sql.seed47.train.log,BD_facts_sql,47,72,0.1066,0.4283,1.813e-05,0.117,2033000.0,0.964,2.189
finetune/logs/run_20260808_083441/BD_facts_sql.seed47.train.log,BD_facts_sql,47,73,0.128,0.6461,1.689e-05,0.1392,2056000.0,0.957,2.219
finetune/logs/run_20260808_083441/BD_facts_sql.seed47.train.log,BD_facts_sql,47,74,0.1102,0.4506,1.567e-05,0.1318,2081000.0,0.9571,2.25
finetune/logs/run_20260808_083441/BD_facts_sql.seed47.train.log,BD_facts_sql,47,75,0.1257,0.7702,1.45e-05,0.1519,2105000.0,0.9555,2.28
finetune/logs/run_20260808_083441/BD_facts_sql.seed47.train.log,BD_facts_sql,47,76,0.08948,0.5054,1.336e-05,0.1186,2138000.0,0.9666,2.311
finetune/logs/run_20260808_083441/BD_facts_sql.seed47.train.log,BD_facts_sql,47,77,0.0843,0.4567,1.227e-05,0.1056,2165000.0,0.9698,2.341
finetune/logs/run_20260808_083441/BD_facts_sql.seed47.train.log,BD_facts_sql,47,78,0.0895,0.1391,1.121e-05,0.1186,2198000.0,0.965,2.371
finetune/logs/run_20260808_083441/BD_facts_sql.seed47.train.log,BD_facts_sql,47,79,0.1578,1.649,1.02e-05,0.1821,2218000.0,0.9492,2.402
finetune/logs/run_20260808_083441/BD_facts_sql.seed47.train.log,BD_facts_sql,47,80,0.09933,1.263,9.224e-06,0.1115,2249000.0,0.9671,2.432
finetune/logs/run_20260808_083441/BD_facts_sql.seed47.train.log,BD_facts_sql,47,81,0.1527,0.619,8.296e-06,0.1557,2272000.0,0.9526,2.463
finetune/logs/run_20260808_083441/BD_facts_sql.seed47.train.log,BD_facts_sql,47,82,0.16,0.4112,7.413e-06,0.1654,2296000.0,0.9518,2.493
finetune/logs/run_20260808_083441/BD_facts_sql.seed47.train.log,BD_facts_sql,47,83,0.07705,0.1822,6.576e-06,0.121,2330000.0,0.9642,2.524
finetune/logs/run_20260808_083441/BD_facts_sql.seed47.train.log,BD_facts_sql,47,84,0.1177,0.7349,5.786e-06,0.1307,2355000.0,0.9608,2.554
finetune/logs/run_20260808_083441/BD_facts_sql.seed47.train.log,BD_facts_sql,47,85,0.1135,1.647,5.044e-06,0.1252,2388000.0,0.9619,2.584
finetune/logs/run_20260808_083441/BD_facts_sql.seed47.train.log,BD_facts_sql,47,86,0.09945,0.178,4.349e-06,0.1357,2416000.0,0.9672,2.615
finetune/logs/run_20260808_083441/BD_facts_sql.seed47.train.log,BD_facts_sql,47,87,0.1198,0.6081,3.705e-06,0.1201,2447000.0,0.9634,2.645
finetune/logs/run_20260808_083441/BD_facts_sql.seed47.train.log,BD_facts_sql,47,88,0.1034,0.3073,3.11e-06,0.1092,2476000.0,0.9672,2.676
finetune/logs/run_20260808_083441/BD_facts_sql.seed47.train.log,BD_facts_sql,47,89,0.07022,0.6191,2.565e-06,0.08222,2507000.0,0.9751,2.706
finetune/logs/run_20260808_083441/BD_facts_sql.seed47.train.log,BD_facts_sql,47,90,0.1056,0.5656,2.072e-06,0.122,2536000.0,0.9659,2.737
finetune/logs/run_20260808_083441/BD_facts_sql.seed47.train.log,BD_facts_sql,47,91,0.1342,0.7428,1.63e-06,0.1449,2567000.0,0.9592,2.767
finetune/logs/run_20260808_083441/BD_facts_sql.seed47.train.log,BD_facts_sql,47,92,0.1079,1.009,1.241e-06,0.1289,2594000.0,0.9641,2.798
finetune/logs/run_20260808_083441/BD_facts_sql.seed47.train.log,BD_facts_sql,47,93,0.1326,0.2981,9.036e-07,0.1487,2623000.0,0.956,2.828
finetune/logs/run_20260808_083441/BD_facts_sql.seed47.train.log,BD_facts_sql,47,94,0.1453,0.2309,6.194e-07,0.1475,2643000.0,0.9628,2.858
finetune/logs/run_20260808_083441/BD_facts_sql.seed47.train.log,BD_facts_sql,47,95,0.1175,0.4844,3.885e-07,0.1267,2672000.0,0.965,2.889
finetune/logs/run_20260808_083441/BD_facts_sql.seed47.train.log,BD_facts_sql,47,96,0.1088,0.2786,2.111e-07,0.1187,2701000.0,0.9678,2.919
finetune/logs/run_20260808_083441/BD_facts_sql.seed47.train.log,BD_facts_sql,47,97,0.07958,0.5089,8.726e-08,0.09715,2733000.0,0.9701,2.95
finetune/logs/run_20260808_083441/BD_facts_sql.seed47.train.log,BD_facts_sql,47,98,0.09131,0.3779,1.724e-08,0.1092,2763000.0,0.9707,2.98
finetune/logs/run_20260808_083441/D_sql.seed13.train.log,D_sql,13,1,0.509,0.5796,0.0001,0.06516,78530.0,0.9166,0.1001
finetune/logs/run_20260808_083441/D_sql.seed13.train.log,D_sql,13,2,0.03473,0.1733,9.971e-05,0.05333,157000.0,0.9919,0.2003
finetune/logs/run_20260808_083441/D_sql.seed13.train.log,D_sql,13,3,0.01707,0.03793,9.884e-05,0.01913,235400.0,0.9979,0.3004
finetune/logs/run_20260808_083441/D_sql.seed13.train.log,D_sql,13,4,0.0008968,0.02583,9.74e-05,0.00458,313600.0,1.0,0.4005
finetune/logs/run_20260808_083441/D_sql.seed13.train.log,D_sql,13,5,8.81e-05,0.0004724,9.541e-05,0.0005909,391800.0,1.0,0.5006
finetune/logs/run_20260808_083441/D_sql.seed13.train.log,D_sql,13,6,0.0001969,0.0005336,9.289e-05,0.0008294,470300.0,1.0,0.6008
finetune/logs/run_20260808_083441/D_sql.seed13.train.log,D_sql,13,7,2.72e-05,0.001626,8.987e-05,0.0002194,548400.0,1.0,0.7009
finetune/logs/run_20260808_083441/D_sql.seed13.train.log,D_sql,13,8,9.555e-05,0.0002203,8.639e-05,0.000478,626700.0,1.0,0.801
finetune/logs/run_20260808_083441/D_sql.seed13.train.log,D_sql,13,9,0.002133,0.0002382,8.248e-05,0.001382,704900.0,0.9991,0.9011
finetune/logs/run_20260808_083441/D_sql.seed13.train.log,D_sql,13,10,5.321e-05,0.00836,7.82e-05,0.0003035,782300.0,1.0,1.0
finetune/logs/run_20260808_083441/D_sql.seed13.train.log,D_sql,13,11,6.334e-05,0.0001393,7.358e-05,0.0003737,860500.0,1.0,1.1
finetune/logs/run_20260808_083441/D_sql.seed13.train.log,D_sql,13,12,4.493e-05,0.0005191,6.87e-05,0.0003022,938800.0,1.0,1.2
finetune/logs/run_20260808_083441/D_sql.seed13.train.log,D_sql,13,13,1.541e-05,0.0001425,6.359e-05,0.0001402,1017000.0,1.0,1.3
finetune/logs/run_20260808_083441/D_sql.seed13.train.log,D_sql,13,14,1.289e-05,0.0003226,5.833e-05,0.0001352,1095000.0,1.0,1.401
finetune/logs/run_20260808_083441/D_sql.seed13.train.log,D_sql,13,15,0.001346,0.0871,5.297e-05,0.001171,1174000.0,0.9996,1.501
finetune/logs/run_20260808_083441/D_sql.seed13.train.log,D_sql,13,16,1.048e-05,0.0004793,4.757e-05,0.0001077,1252000.0,1.0,1.601
finetune/logs/run_20260808_083441/D_sql.seed13.train.log,D_sql,13,17,8.612e-06,0.0001788,4.22e-05,8.929e-05,1331000.0,1.0,1.701
finetune/logs/run_20260808_083441/D_sql.seed13.train.log,D_sql,13,18,1.008e-05,0.0003211,3.693e-05,0.0001059,1409000.0,1.0,1.801
finetune/logs/run_20260808_083441/D_sql.seed13.train.log,D_sql,13,19,7.11e-06,8.466e-05,3.18e-05,7.902e-05,1487000.0,1.0,1.901
finetune/logs/run_20260808_083441/D_sql.seed13.train.log,D_sql,13,20,1.069e-05,7.584e-05,2.689e-05,0.0001109,1565000.0,1.0,2.0
finetune/logs/run_20260808_083441/D_sql.seed13.train.log,D_sql,13,21,1.083e-05,0.0001381,2.225e-05,0.000107,1643000.0,1.0,2.1
finetune/logs/run_20260808_083441/D_sql.seed13.train.log,D_sql,13,22,1.02e-05,0.0002829,1.793e-05,9.749e-05,1721000.0,1.0,2.2
finetune/logs/run_20260808_083441/D_sql.seed13.train.log,D_sql,13,23,8.153e-06,0.0001977,1.398e-05,8.746e-05,1800000.0,1.0,2.3
finetune/logs/run_20260808_083441/D_sql.seed13.train.log,D_sql,13,24,9.023e-06,7.568e-05,1.046e-05,9.071e-05,1878000.0,1.0,2.401
finetune/logs/run_20260808_083441/D_sql.seed13.train.log,D_sql,13,25,1.124e-05,0.0002972,7.389e-06,0.0001087,1956000.0,1.0,2.501
finetune/logs/run_20260808_083441/D_sql.seed13.train.log,D_sql,13,26,1.033e-05,0.0001574,4.819e-06,0.000101,2034000.0,1.0,2.601
finetune/logs/run_20260808_083441/D_sql.seed13.train.log,D_sql,13,27,9.013e-06,0.0004103,2.774e-06,9.081e-05,2113000.0,1.0,2.701
finetune/logs/run_20260808_083441/D_sql.seed13.train.log,D_sql,13,28,8.094e-06,0.0003541,1.279e-06,8.976e-05,2191000.0,1.0,2.801
finetune/logs/run_20260808_083441/D_sql.seed13.train.log,D_sql,13,29,4.579e-05,0.0001185,3.522e-07,0.000298,2270000.0,1.0,2.901
finetune/logs/run_20260808_083441/D_sql.seed13.train.log,D_sql,13,30,5.933e-05,0.0002444,2.914e-09,0.0003358,2347000.0,1.0,3.0
finetune/logs/run_20260808_083441/D_sql.seed29.train.log,D_sql,29,1,0.5538,0.7088,0.0001,0.06804,78300.0,0.9112,0.1001
finetune/logs/run_20260808_083441/D_sql.seed29.train.log,D_sql,29,2,0.02531,0.1884,9.971e-05,0.04577,156700.0,0.9944,0.2003
finetune/logs/run_20260808_083441/D_sql.seed29.train.log,D_sql,29,3,0.01756,0.0281,9.884e-05,0.01029,235100.0,0.9959,0.3004
finetune/logs/run_20260808_083441/D_sql.seed29.train.log,D_sql,29,4,0.005531,0.009207,9.74e-05,0.005147,313400.0,0.9988,0.4005
finetune/logs/run_20260808_083441/D_sql.seed29.train.log,D_sql,29,5,0.01123,0.01746,9.541e-05,0.006916,391600.0,0.9981,0.5006
finetune/logs/run_20260808_083441/D_sql.seed29.train.log,D_sql,29,6,0.0003658,0.005008,9.289e-05,0.002493,470200.0,1.0,0.6008
finetune/logs/run_20260808_083441/D_sql.seed29.train.log,D_sql,29,7,0.0001245,0.0004627,8.987e-05,0.001007,548500.0,1.0,0.7009
finetune/logs/run_20260808_083441/D_sql.seed29.train.log,D_sql,29,8,4.363e-05,0.0009578,8.639e-05,0.0003909,626500.0,1.0,0.801
finetune/logs/run_20260808_083441/D_sql.seed29.train.log,D_sql,29,9,4.045e-05,0.0008673,8.248e-05,0.0003613,704900.0,1.0,0.9011
finetune/logs/run_20260808_083441/D_sql.seed29.train.log,D_sql,29,10,2.404e-05,0.0003231,7.82e-05,0.000229,782300.0,1.0,1.0
finetune/logs/run_20260808_083441/D_sql.seed29.train.log,D_sql,29,11,1.859e-05,0.000369,7.358e-05,0.0001801,860500.0,1.0,1.1
finetune/logs/run_20260808_083441/D_sql.seed29.train.log,D_sql,29,12,1.85e-05,0.0002742,6.87e-05,0.0001879,938900.0,1.0,1.2
finetune/logs/run_20260808_083441/D_sql.seed29.train.log,D_sql,29,13,0.0009406,0.0003053,6.359e-05,0.001183,1017000.0,0.9997,1.3
finetune/logs/run_20260808_083441/D_sql.seed29.train.log,D_sql,29,14,1.802e-05,7.155e-05,5.833e-05,0.0001778,1095000.0,1.0,1.401
finetune/logs/run_20260808_083441/D_sql.seed29.train.log,D_sql,29,15,1.725e-05,0.000527,5.297e-05,0.0001808,1174000.0,1.0,1.501
finetune/logs/run_20260808_083441/D_sql.seed29.train.log,D_sql,29,16,1.657e-05,0.0002592,4.757e-05,0.0001692,1252000.0,1.0,1.601
finetune/logs/run_20260808_083441/D_sql.seed29.train.log,D_sql,29,17,2.061e-05,0.001452,4.22e-05,0.0002045,1331000.0,1.0,1.701
finetune/logs/run_20260808_083441/D_sql.seed29.train.log,D_sql,29,18,1.266e-05,0.0003558,3.693e-05,0.0001349,1409000.0,1.0,1.801
finetune/logs/run_20260808_083441/D_sql.seed29.train.log,D_sql,29,19,9.588e-06,0.000224,3.18e-05,0.0001033,1487000.0,1.0,1.901
finetune/logs/run_20260808_083441/D_sql.seed29.train.log,D_sql,29,20,5.714e-05,0.0002241,2.689e-05,0.0003765,1565000.0,1.0,2.0
finetune/logs/run_20260808_083441/D_sql.seed29.train.log,D_sql,29,21,1.648e-05,0.0003251,2.225e-05,0.0001657,1643000.0,1.0,2.1
finetune/logs/run_20260808_083441/D_sql.seed29.train.log,D_sql,29,22,9.613e-06,0.0001653,1.793e-05,0.0001096,1721000.0,1.0,2.2
finetune/logs/run_20260808_083441/D_sql.seed29.train.log,D_sql,29,23,4.217e-05,0.007207,1.398e-05,0.0002832,1800000.0,1.0,2.3
finetune/logs/run_20260808_083441/D_sql.seed29.train.log,D_sql,29,24,9.945e-06,0.0002025,1.046e-05,0.0001122,1878000.0,1.0,2.401
finetune/logs/run_20260808_083441/D_sql.seed29.train.log,D_sql,29,25,1.006e-05,7.071e-05,7.389e-06,0.0001124,1956000.0,1.0,2.501
finetune/logs/run_20260808_083441/D_sql.seed29.train.log,D_sql,29,26,9.805e-06,0.0001186,4.819e-06,0.0001036,2035000.0,1.0,2.601
finetune/logs/run_20260808_083441/D_sql.seed29.train.log,D_sql,29,27,1.327e-05,0.0002993,2.774e-06,0.0001353,2113000.0,1.0,2.701
finetune/logs/run_20260808_083441/D_sql.seed29.train.log,D_sql,29,28,4.423e-05,8.057e-05,1.279e-06,0.0002586,2191000.0,1.0,2.801
finetune/logs/run_20260808_083441/D_sql.seed29.train.log,D_sql,29,29,7.754e-06,0.0001618,3.522e-07,8.743e-05,2270000.0,1.0,2.901
finetune/logs/run_20260808_083441/D_sql.seed29.train.log,D_sql,29,30,1.487e-05,0.001581,2.914e-09,0.0001542,2347000.0,1.0,3.0
finetune/logs/run_20260808_083441/D_sql.seed47.train.log,D_sql,47,1,0.5371,0.6175,0.0001,0.07305,78420.0,0.9083,0.1001
finetune/logs/run_20260808_083441/D_sql.seed47.train.log,D_sql,47,2,0.04524,0.2119,9.971e-05,0.04063,156700.0,0.9905,0.2003
finetune/logs/run_20260808_083441/D_sql.seed47.train.log,D_sql,47,3,0.005954,0.03738,9.884e-05,0.01762,235200.0,0.9992,0.3004
finetune/logs/run_20260808_083441/D_sql.seed47.train.log,D_sql,47,4,0.0005833,0.01542,9.74e-05,0.003172,313400.0,1.0,0.4005
finetune/logs/run_20260808_083441/D_sql.seed47.train.log,D_sql,47,5,0.0001756,0.006382,9.541e-05,0.001118,391800.0,1.0,0.5006
finetune/logs/run_20260808_083441/D_sql.seed47.train.log,D_sql,47,6,3.472e-05,0.000169,9.289e-05,0.0003117,470200.0,1.0,0.6008
finetune/logs/run_20260808_083441/D_sql.seed47.train.log,D_sql,47,7,3.039e-05,0.0002808,8.987e-05,0.0002576,548500.0,1.0,0.7009
finetune/logs/run_20260808_083441/D_sql.seed47.train.log,D_sql,47,8,0.01296,0.06709,8.639e-05,0.003715,626800.0,0.9985,0.801
finetune/logs/run_20260808_083441/D_sql.seed47.train.log,D_sql,47,9,0.0002098,0.1303,8.248e-05,0.00127,705000.0,1.0,0.9011
finetune/logs/run_20260808_083441/D_sql.seed47.train.log,D_sql,47,10,0.001208,0.002054,7.82e-05,0.002854,782300.0,0.9996,1.0
finetune/logs/run_20260808_083441/D_sql.seed47.train.log,D_sql,47,11,0.0001051,0.001922,7.358e-05,0.0008225,860500.0,1.0,1.1
finetune/logs/run_20260808_083441/D_sql.seed47.train.log,D_sql,47,12,9.45e-05,0.001385,6.87e-05,0.0006693,938900.0,1.0,1.2
finetune/logs/run_20260808_083441/D_sql.seed47.train.log,D_sql,47,13,5.228e-05,0.001019,6.359e-05,0.0004983,1017000.0,1.0,1.3
finetune/logs/run_20260808_083441/D_sql.seed47.train.log,D_sql,47,14,3.592e-05,0.000824,5.833e-05,0.0003435,1096000.0,1.0,1.401
finetune/logs/run_20260808_083441/D_sql.seed47.train.log,D_sql,47,15,0.0002285,0.0003849,5.297e-05,0.0009492,1174000.0,1.0,1.501
finetune/logs/run_20260808_083441/D_sql.seed47.train.log,D_sql,47,16,1.866e-05,0.0007745,4.757e-05,0.000205,1252000.0,1.0,1.601
finetune/logs/run_20260808_083441/D_sql.seed47.train.log,D_sql,47,17,8.722e-05,0.01157,4.22e-05,0.0005511,1330000.0,1.0,1.701
finetune/logs/run_20260808_083441/D_sql.seed47.train.log,D_sql,47,18,1.95e-05,0.0002812,3.693e-05,0.0002077,1409000.0,1.0,1.801
finetune/logs/run_20260808_083441/D_sql.seed47.train.log,D_sql,47,19,1.8e-05,0.000467,3.18e-05,0.000202,1487000.0,1.0,1.901
finetune/logs/run_20260808_083441/D_sql.seed47.train.log,D_sql,47,20,1.578e-05,0.0002043,2.689e-05,0.0001698,1565000.0,1.0,2.0
finetune/logs/run_20260808_083441/D_sql.seed47.train.log,D_sql,47,21,1.548e-05,0.0001652,2.225e-05,0.0001761,1643000.0,1.0,2.1
finetune/logs/run_20260808_083441/D_sql.seed47.train.log,D_sql,47,22,1.268e-05,0.0001369,1.793e-05,0.000145,1721000.0,1.0,2.2
finetune/logs/run_20260808_083441/D_sql.seed47.train.log,D_sql,47,23,1.492e-05,0.0001729,1.398e-05,0.0001652,1800000.0,1.0,2.3
finetune/logs/run_20260808_083441/D_sql.seed47.train.log,D_sql,47,24,1.346e-05,0.0001909,1.046e-05,0.000146,1878000.0,1.0,2.401
finetune/logs/run_20260808_083441/D_sql.seed47.train.log,D_sql,47,25,1.497e-05,0.0001928,7.389e-06,0.0001608,1956000.0,1.0,2.501
finetune/logs/run_20260808_083441/D_sql.seed47.train.log,D_sql,47,26,1.615e-05,0.0002896,4.819e-06,0.0001715,2035000.0,1.0,2.601
finetune/logs/run_20260808_083441/D_sql.seed47.train.log,D_sql,47,27,8.189e-05,0.0008863,2.774e-06,0.0004468,2113000.0,1.0,2.701
finetune/logs/run_20260808_083441/D_sql.seed47.train.log,D_sql,47,28,1.924e-05,0.0001663,1.279e-06,0.0001936,2191000.0,1.0,2.801
finetune/logs/run_20260808_083441/D_sql.seed47.train.log,D_sql,47,29,1.435e-05,0.0006481,3.522e-07,0.0001597,2270000.0,1.0,2.901
finetune/logs/run_20260808_083441/D_sql.seed47.train.log,D_sql,47,30,6.113e-05,0.000282,2.914e-09,0.0004047,2347000.0,1.0,3.0
finetune/logs/run_20260810_031505/D_sql.train.log,D_sql,unsuffixed,1,0.589,0.5122,0.0001,0.06263,80590.0,0.912,0.1001
finetune/logs/run_20260810_031505/D_sql.train.log,D_sql,unsuffixed,2,0.0349,0.102,9.971e-05,0.06155,161200.0,0.9907,0.2003
finetune/logs/run_20260810_031505/D_sql.train.log,D_sql,unsuffixed,3,0.0165,0.03542,9.884e-05,0.01985,241700.0,0.9979,0.3004
finetune/logs/run_20260810_031505/D_sql.train.log,D_sql,unsuffixed,4,0.0008286,0.03967,9.74e-05,0.004204,322000.0,1.0,0.4005
finetune/logs/run_20260810_031505/D_sql.train.log,D_sql,unsuffixed,5,9.325e-05,0.001791,9.541e-05,0.000694,402400.0,1.0,0.5006
finetune/logs/run_20260810_031505/D_sql.train.log,D_sql,unsuffixed,6,0.0001804,0.0004646,9.289e-05,0.0008834,482900.0,1.0,0.6008
finetune/logs/run_20260810_031505/D_sql.train.log,D_sql,unsuffixed,7,3.002e-05,0.0009574,8.987e-05,0.0002626,563200.0,1.0,0.7009
finetune/logs/run_20260810_031505/D_sql.train.log,D_sql,unsuffixed,8,8.678e-05,0.0002778,8.639e-05,0.0005178,643600.0,1.0,0.801
finetune/logs/run_20260810_031505/D_sql.train.log,D_sql,unsuffixed,9,0.001781,0.0001248,8.248e-05,0.001714,723900.0,0.9994,0.9011
finetune/logs/run_20260810_031505/D_sql.train.log,D_sql,unsuffixed,10,3.83e-05,0.0009374,7.82e-05,0.0002586,803400.0,1.0,1.0
finetune/logs/run_20260810_031505/D_sql.train.log,D_sql,unsuffixed,11,3.566e-05,0.0002257,7.358e-05,0.0002288,883700.0,1.0,1.1
finetune/logs/run_20260810_031505/D_sql.train.log,D_sql,unsuffixed,12,2.093e-05,0.0005367,6.87e-05,0.000191,964100.0,1.0,1.2
finetune/logs/run_20260810_031505/D_sql.train.log,D_sql,unsuffixed,13,1.366e-05,0.0001757,6.359e-05,0.0001368,1044000.0,1.0,1.3
finetune/logs/run_20260810_031505/D_sql.train.log,D_sql,unsuffixed,14,1.27e-05,0.0001527,5.833e-05,0.0001366,1125000.0,1.0,1.401
finetune/logs/run_20260810_031505/D_sql.train.log,D_sql,unsuffixed,15,0.002193,0.0315,5.297e-05,0.0009544,1205000.0,0.9996,1.501
finetune/logs/run_20260810_031505/D_sql.train.log,D_sql,unsuffixed,16,1.952e-05,0.0008385,4.757e-05,0.0001851,1286000.0,1.0,1.601
finetune/logs/run_20260810_031505/D_sql.train.log,D_sql,unsuffixed,17,1.394e-05,0.0003269,4.22e-05,0.0001396,1366000.0,1.0,1.701
finetune/logs/run_20260810_031505/D_sql.train.log,D_sql,unsuffixed,18,1.816e-05,0.0003823,3.693e-05,0.0001774,1447000.0,1.0,1.801
finetune/logs/run_20260810_031505/D_sql.train.log,D_sql,unsuffixed,19,1.246e-05,0.0001123,3.18e-05,0.0001287,1527000.0,1.0,1.901
finetune/logs/run_20260810_031505/D_sql.train.log,D_sql,unsuffixed,20,2.028e-05,0.0001297,2.689e-05,0.0001941,1607000.0,1.0,2.0
finetune/logs/run_20260810_031505/D_sql.train.log,D_sql,unsuffixed,21,2.126e-05,0.0002538,2.225e-05,0.000193,1687000.0,1.0,2.1
finetune/logs/run_20260810_031505/D_sql.train.log,D_sql,unsuffixed,22,1.491e-05,0.0005295,1.793e-05,0.0001438,1768000.0,1.0,2.2
finetune/logs/run_20260810_031505/D_sql.train.log,D_sql,unsuffixed,23,1.346e-05,0.0002871,1.398e-05,0.0001369,1848000.0,1.0,2.3
finetune/logs/run_20260810_031505/D_sql.train.log,D_sql,unsuffixed,24,1.478e-05,0.0001812,1.046e-05,0.000144,1928000.0,1.0,2.401
finetune/logs/run_20260810_031505/D_sql.train.log,D_sql,unsuffixed,25,1.951e-05,0.0006762,7.389e-06,0.0001788,2009000.0,1.0,2.501
finetune/logs/run_20260810_031505/D_sql.train.log,D_sql,unsuffixed,26,1.754e-05,0.0002997,4.819e-06,0.0001669,2089000.0,1.0,2.601
finetune/logs/run_20260810_031505/D_sql.train.log,D_sql,unsuffixed,27,1.296e-05,0.0007679,2.774e-06,0.0001317,2170000.0,1.0,2.701
finetune/logs/run_20260810_031505/D_sql.train.log,D_sql,unsuffixed,28,1.263e-05,0.0004937,1.279e-06,0.0001361,2250000.0,1.0,2.801
finetune/logs/run_20260810_031505/D_sql.train.log,D_sql,unsuffixed,29,0.0005069,0.0001789,3.522e-07,0.0006769,2331000.0,0.9996,2.901
finetune/logs/run_20260810_031505/D_sql.train.log,D_sql,unsuffixed,30,0.0002041,0.0003797,2.914e-09,0.0007166,2410000.0,1.0,3.0
finetune/logs/run_smoke_20260729_190216/B_facts.train.log,B_facts,unsuffixed,1,1.292,3.081,7.077e-05,1.144,6323.0,0.7616,0.04374
finetune/logs/run_smoke_20260729_190216/B_facts.train.log,B_facts,unsuffixed,2,0.7648,2.833,7.937e-06,0.6994,12670.0,0.8573,0.08748
finetune/logs/run_smoke_20260729_190216/C_answers.train.log,C_answers,unsuffixed,1,1.902,5.705,3.015e-06,1.638,7067.0,0.6769,0.1001
finetune/logs/run_smoke_20260729_190216/D_sql.train.log,D_sql,unsuffixed,1,0.1362,0.5161,3.015e-06,0.1276,78530.0,0.9622,0.1001
finetune/logs/run_smoke_20260808_083325/D_sql.train.log,D_sql,unsuffixed,1,0.1377,0.6407,3.015e-06,0.1308,78530.0,0.9619,0.1001
finetune/logs/run_smoke_20260809_215514/BD_facts_sql.seed13.train.log,BD_facts_sql,13,1,0.649,3.135,8.536e-05,0.7059,37820.0,0.8435,0.03044
finetune/logs/run_smoke_20260809_215514/BD_facts_sql.seed13.train.log,BD_facts_sql,13,2,0.5055,5.769,4.025e-05,0.5507,64830.0,0.8968,0.06088
finetune/logs/run_smoke_20260809_215514/BD_facts_sql.seed13.train.log,BD_facts_sql,13,3,0.3411,2.105,3.806e-06,0.3649,103600.0,0.9267,0.09132
finetune/logs/run_v2_20260812_170423/A_cpt.train.log,A_cpt,unsuffixed,1,2.561,1.361,7.3e-05,2.284,77470.0,0.5331,1.696
finetune/logs/run_v2_20260812_170423/A_cpt.train.log,A_cpt,unsuffixed,2,1.032,0.5137,1.121e-05,1.069,153000.0,0.7903,3.348
finetune/logs/run_v2_20260812_170423/BC_facts_answers.train.log,BC_facts_answers,unsuffixed,1,5.201,9.226,3.75e-05,0.6758,6552.0,0.5459,0.0379
finetune/logs/run_v2_20260812_170423/BC_facts_answers.train.log,BC_facts_answers,unsuffixed,2,1.299,1.706,7.917e-05,0.8873,13460.0,0.7477,0.07579
finetune/logs/run_v2_20260812_170423/BC_facts_answers.train.log,BC_facts_answers,unsuffixed,3,0.6804,1.907,9.999e-05,0.7176,19870.0,0.859,0.1137
finetune/logs/run_v2_20260812_170423/BC_facts_answers.train.log,BC_facts_answers,unsuffixed,4,0.7634,1.714,9.991e-05,0.5956,26510.0,0.873,0.1516
finetune/logs/run_v2_20260812_170423/BC_facts_answers.train.log,BC_facts_answers,unsuffixed,5,0.5656,1.542,9.974e-05,0.5033,33010.0,0.8911,0.1895
finetune/logs/run_v2_20260812_170423/BC_facts_answers.train.log,BC_facts_answers,unsuffixed,6,0.7099,1.385,9.949e-05,0.5545,39750.0,0.8757,0.2274
finetune/logs/run_v2_20260812_170423/BC_facts_answers.train.log,BC_facts_answers,unsuffixed,7,0.5209,0.8822,9.916e-05,0.4745,46180.0,0.8986,0.2653
finetune/logs/run_v2_20260812_170423/BC_facts_answers.train.log,BC_facts_answers,unsuffixed,8,0.583,1.233,9.874e-05,0.4258,52690.0,0.8889,0.3032
finetune/logs/run_v2_20260812_170423/BC_facts_answers.train.log,BC_facts_answers,unsuffixed,9,0.528,1.164,9.824e-05,0.4703,59220.0,0.8984,0.3411
finetune/logs/run_v2_20260812_170423/BC_facts_answers.train.log,BC_facts_answers,unsuffixed,10,0.5033,1.189,9.767e-05,0.4353,65850.0,0.9063,0.379
finetune/logs/run_v2_20260812_170423/BC_facts_answers.train.log,BC_facts_answers,unsuffixed,11,0.5331,0.957,9.701e-05,0.4336,72320.0,0.8944,0.4169
finetune/logs/run_v2_20260812_170423/BC_facts_answers.train.log,BC_facts_answers,unsuffixed,12,0.489,1.09,9.627e-05,0.3973,78770.0,0.9165,0.4548
finetune/logs/run_v2_20260812_170423/BC_facts_answers.train.log,BC_facts_answers,unsuffixed,13,0.6124,1.712,9.546e-05,0.4531,85440.0,0.8945,0.4927
finetune/logs/run_v2_20260812_170423/BC_facts_answers.train.log,BC_facts_answers,unsuffixed,14,0.3904,1.289,9.457e-05,0.3007,92090.0,0.931,0.5306
finetune/logs/run_v2_20260812_170423/BC_facts_answers.train.log,BC_facts_answers,unsuffixed,15,0.3428,0.3024,9.36e-05,0.3379,98560.0,0.9292,0.5685
finetune/logs/run_v2_20260812_170423/BC_facts_answers.train.log,BC_facts_answers,unsuffixed,16,0.3437,0.6724,9.257e-05,0.3446,105100.0,0.9199,0.6063
finetune/logs/run_v2_20260812_170423/BC_facts_answers.train.log,BC_facts_answers,unsuffixed,17,0.5297,0.9443,9.146e-05,0.3964,111800.0,0.9011,0.6442
finetune/logs/run_v2_20260812_170423/BC_facts_answers.train.log,BC_facts_answers,unsuffixed,18,0.475,0.3638,9.028e-05,0.3983,118300.0,0.9048,0.6821
finetune/logs/run_v2_20260812_170423/BC_facts_answers.train.log,BC_facts_answers,unsuffixed,19,0.4256,0.6593,8.904e-05,0.3747,124900.0,0.9156,0.72
finetune/logs/run_v2_20260812_170423/BC_facts_answers.train.log,BC_facts_answers,unsuffixed,20,0.3895,0.8971,8.773e-05,0.3598,131500.0,0.9097,0.7579
finetune/logs/run_v2_20260812_170423/BC_facts_answers.train.log,BC_facts_answers,unsuffixed,21,0.4544,0.5213,8.635e-05,0.3848,138100.0,0.9077,0.7958
finetune/logs/run_v2_20260812_170423/BC_facts_answers.train.log,BC_facts_answers,unsuffixed,22,0.4049,0.492,8.492e-05,0.3559,144600.0,0.9129,0.8337
finetune/logs/run_v2_20260812_170423/BC_facts_answers.train.log,BC_facts_answers,unsuffixed,23,0.404,0.9218,8.343e-05,0.3366,151100.0,0.9163,0.8716
finetune/logs/run_v2_20260812_170423/BC_facts_answers.train.log,BC_facts_answers,unsuffixed,24,0.5321,0.9528,8.188e-05,0.4058,158200.0,0.8933,0.9095
finetune/logs/run_v2_20260812_170423/BC_facts_answers.train.log,BC_facts_answers,unsuffixed,25,0.3542,1.784,8.028e-05,0.3241,164800.0,0.9208,0.9474
finetune/logs/run_v2_20260812_170423/BC_facts_answers.train.log,BC_facts_answers,unsuffixed,26,0.4507,1.143,7.862e-05,0.3743,171500.0,0.9137,0.9853
finetune/logs/run_v2_20260812_170423/BC_facts_answers.train.log,BC_facts_answers,unsuffixed,27,0.3451,0.6705,7.692e-05,0.3776,177900.0,0.9231,1.023
finetune/logs/run_v2_20260812_170423/BC_facts_answers.train.log,BC_facts_answers,unsuffixed,28,0.3526,0.7478,7.518e-05,0.332,184500.0,0.9241,1.061
finetune/logs/run_v2_20260812_170423/BC_facts_answers.train.log,BC_facts_answers,unsuffixed,29,0.2948,0.6348,7.339e-05,0.2663,190900.0,0.9272,1.099
finetune/logs/run_v2_20260812_170423/BC_facts_answers.train.log,BC_facts_answers,unsuffixed,30,0.3257,0.7842,7.156e-05,0.2466,197500.0,0.9283,1.136
finetune/logs/run_v2_20260812_170423/BC_facts_answers.train.log,BC_facts_answers,unsuffixed,31,0.3091,0.4712,6.97e-05,0.2778,204000.0,0.9257,1.174
finetune/logs/run_v2_20260812_170423/BC_facts_answers.train.log,BC_facts_answers,unsuffixed,32,0.3559,0.9499,6.78e-05,0.3314,210900.0,0.9191,1.212
finetune/logs/run_v2_20260812_170423/BC_facts_answers.train.log,BC_facts_answers,unsuffixed,33,0.3468,0.3798,6.588e-05,0.2684,217800.0,0.9273,1.25
finetune/logs/run_v2_20260812_170423/BC_facts_answers.train.log,BC_facts_answers,unsuffixed,34,0.3151,0.9965,6.393e-05,0.3014,224300.0,0.9239,1.288
finetune/logs/run_v2_20260812_170423/BC_facts_answers.train.log,BC_facts_answers,unsuffixed,35,0.3325,0.4859,6.195e-05,0.25,230800.0,0.9256,1.326
finetune/logs/run_v2_20260812_170423/BC_facts_answers.train.log,BC_facts_answers,unsuffixed,36,0.3336,1.281,5.996e-05,0.3208,237600.0,0.9212,1.364
finetune/logs/run_v2_20260812_170423/BC_facts_answers.train.log,BC_facts_answers,unsuffixed,37,0.2106,0.822,5.794e-05,0.2005,244200.0,0.9453,1.402
finetune/logs/run_v2_20260812_170423/BC_facts_answers.train.log,BC_facts_answers,unsuffixed,38,0.3941,1.253,5.592e-05,0.3633,251000.0,0.9104,1.44
finetune/logs/run_v2_20260812_170423/BC_facts_answers.train.log,BC_facts_answers,unsuffixed,39,0.2812,0.8854,5.388e-05,0.2478,257600.0,0.9306,1.477
finetune/logs/run_v2_20260812_170423/BC_facts_answers.train.log,BC_facts_answers,unsuffixed,40,0.2484,0.8621,5.184e-05,0.2437,264300.0,0.9368,1.515
finetune/logs/run_v2_20260812_170423/BC_facts_answers.train.log,BC_facts_answers,unsuffixed,41,0.2615,0.8214,4.98e-05,0.2491,271100.0,0.9395,1.553
finetune/logs/run_v2_20260812_170423/BC_facts_answers.train.log,BC_facts_answers,unsuffixed,42,0.3183,1.126,4.775e-05,0.2712,277800.0,0.934,1.591
finetune/logs/run_v2_20260812_170423/BC_facts_answers.train.log,BC_facts_answers,unsuffixed,43,0.2834,1.149,4.571e-05,0.2475,284500.0,0.9338,1.629
finetune/logs/run_v2_20260812_170423/BC_facts_answers.train.log,BC_facts_answers,unsuffixed,44,0.2357,0.5314,4.368e-05,0.2196,291100.0,0.9347,1.667
finetune/logs/run_v2_20260812_170423/BC_facts_answers.train.log,BC_facts_answers,unsuffixed,45,0.2515,1.243,4.165e-05,0.2584,297600.0,0.9355,1.705
finetune/logs/run_v2_20260812_170423/BC_facts_answers.train.log,BC_facts_answers,unsuffixed,46,0.3183,0.6612,3.964e-05,0.2989,304200.0,0.9184,1.743
finetune/logs/run_v2_20260812_170423/BC_facts_answers.train.log,BC_facts_answers,unsuffixed,47,0.241,0.7005,3.765e-05,0.2601,310800.0,0.9245,1.781
finetune/logs/run_v2_20260812_170423/BC_facts_answers.train.log,BC_facts_answers,unsuffixed,48,0.2981,0.981,3.568e-05,0.3049,317200.0,0.9249,1.819
finetune/logs/run_v2_20260812_170423/BC_facts_answers.train.log,BC_facts_answers,unsuffixed,49,0.3061,1.817,3.373e-05,0.2477,323600.0,0.9238,1.856
finetune/logs/run_v2_20260812_170423/BC_facts_answers.train.log,BC_facts_answers,unsuffixed,50,0.2432,0.7026,3.181e-05,0.2378,330100.0,0.9288,1.894
finetune/logs/run_v2_20260812_170423/BC_facts_answers.train.log,BC_facts_answers,unsuffixed,51,0.2735,1.514,2.993e-05,0.2234,336500.0,0.9377,1.932
finetune/logs/run_v2_20260812_170423/BC_facts_answers.train.log,BC_facts_answers,unsuffixed,52,0.3031,3.639,2.807e-05,0.3013,342900.0,0.9251,1.97
finetune/logs/run_v2_20260812_170423/BC_facts_answers.train.log,BC_facts_answers,unsuffixed,53,0.2626,0.4444,2.625e-05,0.272,349400.0,0.9344,2.008
finetune/logs/run_v2_20260812_170423/BC_facts_answers.train.log,BC_facts_answers,unsuffixed,54,0.1986,0.8777,2.447e-05,0.2533,355800.0,0.9506,2.045
finetune/logs/run_v2_20260812_170423/BC_facts_answers.train.log,BC_facts_answers,unsuffixed,55,0.2006,0.345,2.273e-05,0.2562,362300.0,0.9483,2.083
finetune/logs/run_v2_20260812_170423/BC_facts_answers.train.log,BC_facts_answers,unsuffixed,56,0.26,1.454,2.104e-05,0.2292,369000.0,0.928,2.121
finetune/logs/run_v2_20260812_170423/BC_facts_answers.train.log,BC_facts_answers,unsuffixed,57,0.1633,1.105,1.94e-05,0.181,375600.0,0.9503,2.159
finetune/logs/run_v2_20260812_170423/BC_facts_answers.train.log,BC_facts_answers,unsuffixed,58,0.2084,1.926,1.781e-05,0.1841,382200.0,0.943,2.197
finetune/logs/run_v2_20260812_170423/BC_facts_answers.train.log,BC_facts_answers,unsuffixed,59,0.1804,0.9141,1.627e-05,0.1556,388600.0,0.9472,2.235
finetune/logs/run_v2_20260812_170423/BC_facts_answers.train.log,BC_facts_answers,unsuffixed,60,0.2061,0.8151,1.479e-05,0.2098,395100.0,0.9453,2.273
finetune/logs/run_v2_20260812_170423/BC_facts_answers.train.log,BC_facts_answers,unsuffixed,61,0.2306,2.653,1.337e-05,0.2192,402000.0,0.9382,2.311
finetune/logs/run_v2_20260812_170423/BC_facts_answers.train.log,BC_facts_answers,unsuffixed,62,0.2269,0.7196,1.201e-05,0.2291,408600.0,0.9341,2.349
finetune/logs/run_v2_20260812_170423/BC_facts_answers.train.log,BC_facts_answers,unsuffixed,63,0.1321,0.9124,1.071e-05,0.1464,415400.0,0.9588,2.387
finetune/logs/run_v2_20260812_170423/BC_facts_answers.train.log,BC_facts_answers,unsuffixed,64,0.1345,1.146,9.477e-06,0.1527,421900.0,0.9615,2.424
finetune/logs/run_v2_20260812_170423/BC_facts_answers.train.log,BC_facts_answers,unsuffixed,65,0.1869,0.7588,8.313e-06,0.1773,428400.0,0.9479,2.462
finetune/logs/run_v2_20260812_170423/BC_facts_answers.train.log,BC_facts_answers,unsuffixed,66,0.2045,0.4022,7.219e-06,0.1731,435000.0,0.9464,2.5
finetune/logs/run_v2_20260812_170423/BC_facts_answers.train.log,BC_facts_answers,unsuffixed,67,0.1707,1.065,6.196e-06,0.1663,441500.0,0.9458,2.538
finetune/logs/run_v2_20260812_170423/BC_facts_answers.train.log,BC_facts_answers,unsuffixed,68,0.1782,0.6906,5.247e-06,0.1726,448100.0,0.9484,2.576
finetune/logs/run_v2_20260812_170423/BC_facts_answers.train.log,BC_facts_answers,unsuffixed,69,0.1795,4.017,4.373e-06,0.156,454700.0,0.9548,2.614
finetune/logs/run_v2_20260812_170423/BC_facts_answers.train.log,BC_facts_answers,unsuffixed,70,0.2298,0.3941,3.575e-06,0.2068,461500.0,0.9333,2.652
finetune/logs/run_v2_20260812_170423/BC_facts_answers.train.log,BC_facts_answers,unsuffixed,71,0.1971,0.547,2.854e-06,0.1854,468100.0,0.944,2.69
finetune/logs/run_v2_20260812_170423/BC_facts_answers.train.log,BC_facts_answers,unsuffixed,72,0.1826,1.122,2.213e-06,0.1755,474800.0,0.9461,2.728
finetune/logs/run_v2_20260812_170423/BC_facts_answers.train.log,BC_facts_answers,unsuffixed,73,0.1949,0.8051,1.651e-06,0.1794,481400.0,0.9403,2.766
finetune/logs/run_v2_20260812_170423/BC_facts_answers.train.log,BC_facts_answers,unsuffixed,74,0.1827,0.898,1.17e-06,0.1741,487800.0,0.947,2.803
finetune/logs/run_v2_20260812_170423/BC_facts_answers.train.log,BC_facts_answers,unsuffixed,75,0.1722,0.932,7.715e-07,0.1736,494500.0,0.9502,2.841
finetune/logs/run_v2_20260812_170423/BC_facts_answers.train.log,BC_facts_answers,unsuffixed,76,0.176,0.779,4.549e-07,0.1836,501000.0,0.9555,2.879
finetune/logs/run_v2_20260812_170423/BC_facts_answers.train.log,BC_facts_answers,unsuffixed,77,0.2042,0.9944,2.211e-07,0.168,507700.0,0.9448,2.917
finetune/logs/run_v2_20260812_170423/BC_facts_answers.train.log,BC_facts_answers,unsuffixed,78,0.1822,2.357,7.068e-08,0.1813,514100.0,0.9459,2.955
finetune/logs/run_v2_20260812_170423/BC_facts_answers.train.log,BC_facts_answers,unsuffixed,79,0.1648,1.028,3.765e-09,0.1643,520900.0,0.9531,2.993
finetune/logs/run_v2_20260812_170423/BD_facts_sql.train.log,BD_facts_sql,unsuffixed,1,3.114,4.042,3.75e-05,0.359,31690.0,0.6807,0.0379
finetune/logs/run_v2_20260812_170423/BD_facts_sql.train.log,BD_facts_sql,unsuffixed,2,0.7445,1.531,7.917e-05,0.5686,55080.0,0.8192,0.07579
finetune/logs/run_v2_20260812_170423/BD_facts_sql.train.log,BD_facts_sql,unsuffixed,3,0.2982,1.105,9.999e-05,0.3906,83820.0,0.9271,0.1137
finetune/logs/run_v2_20260812_170423/BD_facts_sql.train.log,BD_facts_sql,unsuffixed,4,0.2845,1.195,9.991e-05,0.2771,113500.0,0.9428,0.1516
finetune/logs/run_v2_20260812_170423/BD_facts_sql.train.log,BD_facts_sql,unsuffixed,5,0.2819,0.7471,9.974e-05,0.2977,139700.0,0.9326,0.1895
finetune/logs/run_v2_20260812_170423/BD_facts_sql.train.log,BD_facts_sql,unsuffixed,6,0.3193,0.9415,9.949e-05,0.3199,173100.0,0.9338,0.2274
finetune/logs/run_v2_20260812_170423/BD_facts_sql.train.log,BD_facts_sql,unsuffixed,7,0.3176,0.5881,9.916e-05,0.2973,199200.0,0.9346,0.2653
finetune/logs/run_v2_20260812_170423/BD_facts_sql.train.log,BD_facts_sql,unsuffixed,8,0.2995,0.8414,9.874e-05,0.2557,227100.0,0.9306,0.3032
finetune/logs/run_v2_20260812_170423/BD_facts_sql.train.log,BD_facts_sql,unsuffixed,9,0.2904,0.2294,9.824e-05,0.2782,251500.0,0.9394,0.3411
finetune/logs/run_v2_20260812_170423/BD_facts_sql.train.log,BD_facts_sql,unsuffixed,10,0.3264,0.8578,9.767e-05,0.3106,279500.0,0.9373,0.379
finetune/logs/run_v2_20260812_170423/BD_facts_sql.train.log,BD_facts_sql,unsuffixed,11,0.2349,0.1974,9.701e-05,0.2529,309200.0,0.9423,0.4169
finetune/logs/run_v2_20260812_170423/BD_facts_sql.train.log,BD_facts_sql,unsuffixed,12,0.2591,0.06733,9.627e-05,0.2472,340700.0,0.9458,0.4548
finetune/logs/run_v2_20260812_170423/BD_facts_sql.train.log,BD_facts_sql,unsuffixed,13,0.1825,0.3381,9.546e-05,0.2185,374800.0,0.9533,0.4927
finetune/logs/run_v2_20260812_170423/BD_facts_sql.train.log,BD_facts_sql,unsuffixed,14,0.1559,0.4096,9.457e-05,0.1615,404600.0,0.9619,0.5306
finetune/logs/run_v2_20260812_170423/BD_facts_sql.train.log,BD_facts_sql,unsuffixed,15,0.1445,0.1334,9.36e-05,0.1781,434200.0,0.9583,0.5685
finetune/logs/run_v2_20260812_170423/BD_facts_sql.train.log,BD_facts_sql,unsuffixed,16,0.1309,0.3898,9.257e-05,0.1709,463100.0,0.9585,0.6063
finetune/logs/run_v2_20260812_170423/BD_facts_sql.train.log,BD_facts_sql,unsuffixed,17,0.28,0.7109,9.146e-05,0.2661,493700.0,0.9378,0.6442
finetune/logs/run_v2_20260812_170423/BD_facts_sql.train.log,BD_facts_sql,unsuffixed,18,0.3142,0.3529,9.028e-05,0.2915,519800.0,0.932,0.6821
finetune/logs/run_v2_20260812_170423/BD_facts_sql.train.log,BD_facts_sql,unsuffixed,19,0.2099,0.4788,8.904e-05,0.2127,548600.0,0.9531,0.72
finetune/logs/run_v2_20260812_170423/BD_facts_sql.train.log,BD_facts_sql,unsuffixed,20,0.2153,0.6252,8.773e-05,0.2356,573000.0,0.9412,0.7579
finetune/logs/run_v2_20260812_170423/BD_facts_sql.train.log,BD_facts_sql,unsuffixed,21,0.2739,0.4544,8.635e-05,0.2763,599100.0,0.9325,0.7958
finetune/logs/run_v2_20260812_170423/BD_facts_sql.train.log,BD_facts_sql,unsuffixed,22,0.2471,0.2887,8.492e-05,0.2779,621500.0,0.9359,0.8337
finetune/logs/run_v2_20260812_170423/BD_facts_sql.train.log,BD_facts_sql,unsuffixed,23,0.2248,0.6115,8.343e-05,0.2178,647600.0,0.9518,0.8716
finetune/logs/run_v2_20260812_170423/BD_facts_sql.train.log,BD_facts_sql,unsuffixed,24,0.2489,0.3692,8.188e-05,0.2086,686400.0,0.9392,0.9095
finetune/logs/run_v2_20260812_170423/BD_facts_sql.train.log,BD_facts_sql,unsuffixed,25,0.2139,0.2047,8.028e-05,0.2413,712600.0,0.9467,0.9474
finetune/logs/run_v2_20260812_170423/BD_facts_sql.train.log,BD_facts_sql,unsuffixed,26,0.2859,0.336,7.862e-05,0.2546,739700.0,0.9437,0.9853
finetune/logs/run_v2_20260812_170423/BD_facts_sql.train.log,BD_facts_sql,unsuffixed,27,0.2423,0.5124,7.692e-05,0.2895,766500.0,0.9438,1.023
finetune/logs/run_v2_20260812_170423/BD_facts_sql.train.log,BD_facts_sql,unsuffixed,28,0.2704,0.4892,7.518e-05,0.268,789000.0,0.9411,1.061
finetune/logs/run_v2_20260812_170423/BD_facts_sql.train.log,BD_facts_sql,unsuffixed,29,0.1429,0.06932,7.339e-05,0.1711,818700.0,0.9604,1.099
finetune/logs/run_v2_20260812_170423/BD_facts_sql.train.log,BD_facts_sql,unsuffixed,30,0.1842,0.1143,7.156e-05,0.1656,851000.0,0.9561,1.136
finetune/logs/run_v2_20260812_170423/BD_facts_sql.train.log,BD_facts_sql,unsuffixed,31,0.1995,0.335,6.97e-05,0.1911,878200.0,0.9469,1.174
finetune/logs/run_v2_20260812_170423/BD_facts_sql.train.log,BD_facts_sql,unsuffixed,32,0.1627,0.4742,6.78e-05,0.1849,913400.0,0.9522,1.212
finetune/logs/run_v2_20260812_170423/BD_facts_sql.train.log,BD_facts_sql,unsuffixed,33,0.1694,0.3244,6.588e-05,0.1698,942400.0,0.9557,1.25
finetune/logs/run_v2_20260812_170423/BD_facts_sql.train.log,BD_facts_sql,unsuffixed,34,0.1615,0.6218,6.393e-05,0.194,970200.0,0.9506,1.288
finetune/logs/run_v2_20260812_170423/BD_facts_sql.train.log,BD_facts_sql,unsuffixed,35,0.2015,0.3705,6.195e-05,0.1801,996300.0,0.9471,1.326
finetune/logs/run_v2_20260812_170423/BD_facts_sql.train.log,BD_facts_sql,unsuffixed,36,0.1733,0.6576,5.996e-05,0.207,1032000.0,0.9483,1.364
finetune/logs/run_v2_20260812_170423/BD_facts_sql.train.log,BD_facts_sql,unsuffixed,37,0.1347,0.3251,5.794e-05,0.1406,1061000.0,0.9613,1.402
finetune/logs/run_v2_20260812_170423/BD_facts_sql.train.log,BD_facts_sql,unsuffixed,38,0.2582,0.7734,5.592e-05,0.2808,1088000.0,0.9366,1.44
finetune/logs/run_v2_20260812_170423/BD_facts_sql.train.log,BD_facts_sql,unsuffixed,39,0.1527,0.2417,5.388e-05,0.1814,1113000.0,0.9525,1.477
finetune/logs/run_v2_20260812_170423/BD_facts_sql.train.log,BD_facts_sql,unsuffixed,40,0.1016,0.2129,5.184e-05,0.1201,1149000.0,0.9669,1.515
finetune/logs/run_v2_20260812_170423/BD_facts_sql.train.log,BD_facts_sql,unsuffixed,41,0.1331,0.4915,4.98e-05,0.1453,1181000.0,0.9665,1.553
finetune/logs/run_v2_20260812_170423/BD_facts_sql.train.log,BD_facts_sql,unsuffixed,42,0.1938,0.7259,4.775e-05,0.1823,1208000.0,0.9502,1.591
finetune/logs/run_v2_20260812_170423/BD_facts_sql.train.log,BD_facts_sql,unsuffixed,43,0.1613,0.1787,4.571e-05,0.1612,1232000.0,0.9558,1.629
finetune/logs/run_v2_20260812_170423/BD_facts_sql.train.log,BD_facts_sql,unsuffixed,44,0.1262,0.5268,4.368e-05,0.1392,1260000.0,0.957,1.667
finetune/logs/run_v2_20260812_170423/BD_facts_sql.train.log,BD_facts_sql,unsuffixed,45,0.1632,0.7718,4.165e-05,0.2037,1289000.0,0.9459,1.705
finetune/logs/run_v2_20260812_170423/BD_facts_sql.train.log,BD_facts_sql,unsuffixed,46,0.159,0.362,3.964e-05,0.1882,1318000.0,0.9497,1.743
finetune/logs/run_v2_20260812_170423/BD_facts_sql.train.log,BD_facts_sql,unsuffixed,47,0.08972,0.3905,3.765e-05,0.1263,1353000.0,0.9657,1.781
finetune/logs/run_v2_20260812_170423/BD_facts_sql.train.log,BD_facts_sql,unsuffixed,48,0.2261,0.6176,3.568e-05,0.2339,1376000.0,0.9402,1.819
finetune/logs/run_v2_20260812_170423/BD_facts_sql.train.log,BD_facts_sql,unsuffixed,49,0.1978,1.133,3.373e-05,0.1722,1403000.0,0.9456,1.856
finetune/logs/run_v2_20260812_170423/BD_facts_sql.train.log,BD_facts_sql,unsuffixed,50,0.1386,0.4103,3.181e-05,0.1667,1428000.0,0.9506,1.894
finetune/logs/run_v2_20260812_170423/BD_facts_sql.train.log,BD_facts_sql,unsuffixed,51,0.1549,0.6866,2.993e-05,0.1554,1459000.0,0.9583,1.932
finetune/logs/run_v2_20260812_170423/BD_facts_sql.train.log,BD_facts_sql,unsuffixed,52,0.2302,0.4512,2.807e-05,0.2566,1477000.0,0.9413,1.97
finetune/logs/run_v2_20260812_170423/BD_facts_sql.train.log,BD_facts_sql,unsuffixed,53,0.1385,0.3393,2.625e-05,0.1837,1502000.0,0.9656,2.008
finetune/logs/run_v2_20260812_170423/BD_facts_sql.train.log,BD_facts_sql,unsuffixed,54,0.113,0.6389,2.447e-05,0.171,1529000.0,0.9707,2.045
finetune/logs/run_v2_20260812_170423/BD_facts_sql.train.log,BD_facts_sql,unsuffixed,55,0.1372,0.2933,2.273e-05,0.1999,1553000.0,0.962,2.083
finetune/logs/run_v2_20260812_170423/BD_facts_sql.train.log,BD_facts_sql,unsuffixed,56,0.1419,0.5105,2.104e-05,0.149,1582000.0,0.9591,2.121
finetune/logs/run_v2_20260812_170423/BD_facts_sql.train.log,BD_facts_sql,unsuffixed,57,0.08262,0.2607,1.94e-05,0.1185,1612000.0,0.968,2.159
finetune/logs/run_v2_20260812_170423/BD_facts_sql.train.log,BD_facts_sql,unsuffixed,58,0.1343,0.9581,1.781e-05,0.1358,1642000.0,0.9598,2.197
finetune/logs/run_v2_20260812_170423/BD_facts_sql.train.log,BD_facts_sql,unsuffixed,59,0.08581,0.1706,1.627e-05,0.08202,1674000.0,0.9703,2.235
finetune/logs/run_v2_20260812_170423/BD_facts_sql.train.log,BD_facts_sql,unsuffixed,60,0.1233,0.2278,1.479e-05,0.1303,1706000.0,0.9657,2.273
finetune/logs/run_v2_20260812_170423/BD_facts_sql.train.log,BD_facts_sql,unsuffixed,61,0.1186,1.298,1.337e-05,0.1401,1738000.0,0.9616,2.311
finetune/logs/run_v2_20260812_170423/BD_facts_sql.train.log,BD_facts_sql,unsuffixed,62,0.1351,0.5144,1.201e-05,0.14,1766000.0,0.9569,2.349
finetune/logs/run_v2_20260812_170423/BD_facts_sql.train.log,BD_facts_sql,unsuffixed,63,0.08132,0.1388,1.071e-05,0.1052,1795000.0,0.9714,2.387
finetune/logs/run_v2_20260812_170423/BD_facts_sql.train.log,BD_facts_sql,unsuffixed,64,0.08023,0.1784,9.477e-06,0.1007,1818000.0,0.9708,2.424
finetune/logs/run_v2_20260812_170423/BD_facts_sql.train.log,BD_facts_sql,unsuffixed,65,0.119,0.498,8.313e-06,0.1321,1842000.0,0.964,2.462
finetune/logs/run_v2_20260812_170423/BD_facts_sql.train.log,BD_facts_sql,unsuffixed,66,0.09013,0.2859,7.219e-06,0.123,1870000.0,0.9665,2.5
finetune/logs/run_v2_20260812_170423/BD_facts_sql.train.log,BD_facts_sql,unsuffixed,67,0.09671,0.3955,6.196e-06,0.1165,1895000.0,0.9619,2.538
finetune/logs/run_v2_20260812_170423/BD_facts_sql.train.log,BD_facts_sql,unsuffixed,68,0.09864,0.3288,5.247e-06,0.1062,1926000.0,0.9729,2.576
finetune/logs/run_v2_20260812_170423/BD_facts_sql.train.log,BD_facts_sql,unsuffixed,69,0.1376,2.046,4.373e-06,0.1241,1957000.0,0.961,2.614
finetune/logs/run_v2_20260812_170423/BD_facts_sql.train.log,BD_facts_sql,unsuffixed,70,0.1379,0.3055,3.575e-06,0.1417,1986000.0,0.958,2.652
finetune/logs/run_v2_20260812_170423/BD_facts_sql.train.log,BD_facts_sql,unsuffixed,71,0.132,0.1962,2.854e-06,0.1396,2010000.0,0.9595,2.69
finetune/logs/run_v2_20260812_170423/BD_facts_sql.train.log,BD_facts_sql,unsuffixed,72,0.1082,0.6901,2.213e-06,0.1246,2036000.0,0.9583,2.728
finetune/logs/run_v2_20260812_170423/BD_facts_sql.train.log,BD_facts_sql,unsuffixed,73,0.1423,0.5915,1.651e-06,0.1388,2060000.0,0.9518,2.766
finetune/logs/run_v2_20260812_170423/BD_facts_sql.train.log,BD_facts_sql,unsuffixed,74,0.09267,0.4423,1.17e-06,0.1058,2087000.0,0.967,2.803
finetune/logs/run_v2_20260812_170423/BD_facts_sql.train.log,BD_facts_sql,unsuffixed,75,0.1055,0.7448,7.715e-07,0.1324,2119000.0,0.9664,2.841
finetune/logs/run_v2_20260812_170423/BD_facts_sql.train.log,BD_facts_sql,unsuffixed,76,0.1153,0.396,4.549e-07,0.1291,2146000.0,0.9674,2.879
finetune/logs/run_v2_20260812_170423/BD_facts_sql.train.log,BD_facts_sql,unsuffixed,77,0.1109,0.3647,2.211e-07,0.1133,2174000.0,0.9651,2.917
finetune/logs/run_v2_20260812_170423/BD_facts_sql.train.log,BD_facts_sql,unsuffixed,78,0.1101,0.7578,7.068e-08,0.1141,2206000.0,0.9676,2.955
finetune/logs/run_v2_20260812_170423/BD_facts_sql.train.log,BD_facts_sql,unsuffixed,79,0.06688,0.1226,3.765e-09,0.1024,2241000.0,0.9757,2.993
finetune/logs/run_v2_20260812_170423/B_facts.train.log,B_facts,unsuffixed,1,4.393,4.191,5.294e-05,0.5545,6320.0,0.5966,0.05464
finetune/logs/run_v2_20260812_170423/B_facts.train.log,B_facts,unsuffixed,2,0.8776,4.319,0.0001,0.734,12660.0,0.8351,0.1093
finetune/logs/run_v2_20260812_170423/B_facts.train.log,B_facts,unsuffixed,3,0.6657,1.191,9.987e-05,0.5594,19070.0,0.8792,0.1639
finetune/logs/run_v2_20260812_170423/B_facts.train.log,B_facts,unsuffixed,4,0.3671,1.351,9.958e-05,0.3331,25550.0,0.9225,0.2186
finetune/logs/run_v2_20260812_170423/B_facts.train.log,B_facts,unsuffixed,5,0.3475,0.9156,9.911e-05,0.3465,31920.0,0.92,0.2732
finetune/logs/run_v2_20260812_170423/B_facts.train.log,B_facts,unsuffixed,6,0.4653,0.7226,9.847e-05,0.38,38250.0,0.9048,0.3279
finetune/logs/run_v2_20260812_170423/B_facts.train.log,B_facts,unsuffixed,7,0.5431,0.7337,9.766e-05,0.49,44660.0,0.8952,0.3825
finetune/logs/run_v2_20260812_170423/B_facts.train.log,B_facts,unsuffixed,8,0.3059,0.5009,9.669e-05,0.2921,50960.0,0.9331,0.4372
finetune/logs/run_v2_20260812_170423/B_facts.train.log,B_facts,unsuffixed,9,0.3477,0.6256,9.555e-05,0.2796,57370.0,0.9304,0.4918
finetune/logs/run_v2_20260812_170423/B_facts.train.log,B_facts,unsuffixed,10,0.4398,0.3627,9.425e-05,0.4293,63740.0,0.9073,0.5464
finetune/logs/run_v2_20260812_170423/B_facts.train.log,B_facts,unsuffixed,11,0.4064,0.5987,9.28e-05,0.3377,70140.0,0.9313,0.6011
finetune/logs/run_v2_20260812_170423/B_facts.train.log,B_facts,unsuffixed,12,0.3669,0.4227,9.12e-05,0.3724,76510.0,0.9061,0.6557
finetune/logs/run_v2_20260812_170423/B_facts.train.log,B_facts,unsuffixed,13,0.4505,0.6811,8.946e-05,0.405,82940.0,0.8978,0.7104
finetune/logs/run_v2_20260812_170423/B_facts.train.log,B_facts,unsuffixed,14,0.2839,0.3204,8.758e-05,0.2645,89320.0,0.931,0.765
finetune/logs/run_v2_20260812_170423/B_facts.train.log,B_facts,unsuffixed,15,0.3665,0.5,8.556e-05,0.34,95570.0,0.9171,0.8197
finetune/logs/run_v2_20260812_170423/B_facts.train.log,B_facts,unsuffixed,16,0.2985,0.6014,8.343e-05,0.3215,101900.0,0.9347,0.8743
finetune/logs/run_v2_20260812_170423/B_facts.train.log,B_facts,unsuffixed,17,0.3309,0.8092,8.117e-05,0.2843,108100.0,0.9376,0.929
finetune/logs/run_v2_20260812_170423/B_facts.train.log,B_facts,unsuffixed,18,0.435,0.3088,7.881e-05,0.3306,114600.0,0.9205,0.9836
finetune/logs/run_v2_20260812_170423/B_facts.train.log,B_facts,unsuffixed,19,0.2658,0.3639,7.635e-05,0.2898,120900.0,0.9373,1.038
finetune/logs/run_v2_20260812_170423/B_facts.train.log,B_facts,unsuffixed,20,0.3353,0.4454,7.38e-05,0.3272,127300.0,0.9305,1.093
finetune/logs/run_v2_20260812_170423/B_facts.train.log,B_facts,unsuffixed,21,0.2329,0.4607,7.116e-05,0.205,133700.0,0.9408,1.148
finetune/logs/run_v2_20260812_170423/B_facts.train.log,B_facts,unsuffixed,22,0.2559,0.5864,6.845e-05,0.2507,140000.0,0.9331,1.202
finetune/logs/run_v2_20260812_170423/B_facts.train.log,B_facts,unsuffixed,23,0.2956,1.295,6.568e-05,0.2747,146300.0,0.9345,1.257
finetune/logs/run_v2_20260812_170423/B_facts.train.log,B_facts,unsuffixed,24,0.2481,0.7895,6.285e-05,0.2505,152600.0,0.9375,1.311
finetune/logs/run_v2_20260812_170423/B_facts.train.log,B_facts,unsuffixed,25,0.3221,0.4541,5.997e-05,0.2838,159100.0,0.9253,1.366
finetune/logs/run_v2_20260812_170423/B_facts.train.log,B_facts,unsuffixed,26,0.2819,1.393,5.706e-05,0.2528,165400.0,0.9296,1.421
finetune/logs/run_v2_20260812_170423/B_facts.train.log,B_facts,unsuffixed,27,0.246,0.7407,5.413e-05,0.2437,171800.0,0.9438,1.475
finetune/logs/run_v2_20260812_170423/B_facts.train.log,B_facts,unsuffixed,28,0.2611,0.3551,5.118e-05,0.2579,178200.0,0.9345,1.53
finetune/logs/run_v2_20260812_170423/B_facts.train.log,B_facts,unsuffixed,29,0.3406,0.7458,4.823e-05,0.3048,184600.0,0.9249,1.585
finetune/logs/run_v2_20260812_170423/B_facts.train.log,B_facts,unsuffixed,30,0.3336,0.9894,4.528e-05,0.3262,190900.0,0.9224,1.639
finetune/logs/run_v2_20260812_170423/B_facts.train.log,B_facts,unsuffixed,31,0.2325,0.5449,4.235e-05,0.2266,197300.0,0.9401,1.694
finetune/logs/run_v2_20260812_170423/B_facts.train.log,B_facts,unsuffixed,32,0.3018,0.3863,3.945e-05,0.2692,203700.0,0.9225,1.749
finetune/logs/run_v2_20260812_170423/B_facts.train.log,B_facts,unsuffixed,33,0.2868,0.6508,3.658e-05,0.2855,210100.0,0.9274,1.803
finetune/logs/run_v2_20260812_170423/B_facts.train.log,B_facts,unsuffixed,34,0.3968,1.185,3.377e-05,0.3084,216600.0,0.9165,1.858
finetune/logs/run_v2_20260812_170423/B_facts.train.log,B_facts,unsuffixed,35,0.3349,0.5778,3.1e-05,0.3051,222900.0,0.9276,1.913
finetune/logs/run_v2_20260812_170423/B_facts.train.log,B_facts,unsuffixed,36,0.3566,0.893,2.831e-05,0.3199,229200.0,0.9183,1.967
finetune/logs/run_v2_20260812_170423/B_facts.train.log,B_facts,unsuffixed,37,0.2151,0.6114,2.568e-05,0.2582,235500.0,0.9413,2.022
finetune/logs/run_v2_20260812_170423/B_facts.train.log,B_facts,unsuffixed,38,0.289,0.4621,2.315e-05,0.2808,241800.0,0.9376,2.077
finetune/logs/run_v2_20260812_170423/B_facts.train.log,B_facts,unsuffixed,39,0.2458,0.5096,2.071e-05,0.2506,248200.0,0.9357,2.131
finetune/logs/run_v2_20260812_170423/B_facts.train.log,B_facts,unsuffixed,40,0.1571,0.5486,1.837e-05,0.1679,254500.0,0.949,2.186
finetune/logs/run_v2_20260812_170423/B_facts.train.log,B_facts,unsuffixed,41,0.2367,0.5401,1.614e-05,0.2284,261000.0,0.9427,2.24
finetune/logs/run_v2_20260812_170423/B_facts.train.log,B_facts,unsuffixed,42,0.1432,0.8232,1.402e-05,0.1671,267300.0,0.9548,2.295
finetune/logs/run_v2_20260812_170423/B_facts.train.log,B_facts,unsuffixed,43,0.1734,1.803,1.204e-05,0.1776,273600.0,0.9465,2.35
finetune/logs/run_v2_20260812_170423/B_facts.train.log,B_facts,unsuffixed,44,0.1872,0.4278,1.018e-05,0.2047,280000.0,0.9551,2.404
finetune/logs/run_v2_20260812_170423/B_facts.train.log,B_facts,unsuffixed,45,0.2028,1.144,8.468e-06,0.1914,286400.0,0.9452,2.459
finetune/logs/run_v2_20260812_170423/B_facts.train.log,B_facts,unsuffixed,46,0.1701,1.206,6.897e-06,0.166,292700.0,0.9463,2.514
finetune/logs/run_v2_20260812_170423/B_facts.train.log,B_facts,unsuffixed,47,0.172,0.7066,5.477e-06,0.1701,299000.0,0.95,2.568
finetune/logs/run_v2_20260812_170423/B_facts.train.log,B_facts,unsuffixed,48,0.1813,1.719,4.211e-06,0.198,305500.0,0.9502,2.623
finetune/logs/run_v2_20260812_170423/B_facts.train.log,B_facts,unsuffixed,49,0.1435,1.445,3.106e-06,0.1604,311900.0,0.9597,2.678
finetune/logs/run_v2_20260812_170423/B_facts.train.log,B_facts,unsuffixed,50,0.2119,0.7379,2.164e-06,0.217,318200.0,0.9472,2.732
finetune/logs/run_v2_20260812_170423/B_facts.train.log,B_facts,unsuffixed,51,0.1976,0.8684,1.388e-06,0.1761,324700.0,0.9442,2.787
finetune/logs/run_v2_20260812_170423/B_facts.train.log,B_facts,unsuffixed,52,0.2157,0.4454,7.826e-07,0.2046,331100.0,0.9358,2.842
finetune/logs/run_v2_20260812_170423/B_facts.train.log,B_facts,unsuffixed,53,0.2075,1.078,3.483e-07,0.2072,337400.0,0.9425,2.896
finetune/logs/run_v2_20260812_170423/B_facts.train.log,B_facts,unsuffixed,54,0.1658,0.3474,8.715e-08,0.1788,343700.0,0.9523,2.951
finetune/logs/run_v2_20260812_170423/C_answers.train.log,C_answers,unsuffixed,1,4.032,3.014,0.0001,1.15,7366.0,0.5133,0.1236
finetune/logs/run_v2_20260812_170423/C_answers.train.log,C_answers,unsuffixed,2,1.22,1.612,9.946e-05,1.101,14490.0,0.8003,0.2473
finetune/logs/run_v2_20260812_170423/C_answers.train.log,C_answers,unsuffixed,3,0.6968,2.091,9.804e-05,0.5967,21530.0,0.8623,0.3709
finetune/logs/run_v2_20260812_170423/C_answers.train.log,C_answers,unsuffixed,4,0.6401,1.585,9.577e-05,0.5574,28330.0,0.8801,0.4946
finetune/logs/run_v2_20260812_170423/C_answers.train.log,C_answers,unsuffixed,5,0.7397,2.006,9.268e-05,0.5925,35400.0,0.8583,0.6182
finetune/logs/run_v2_20260812_170423/C_answers.train.log,C_answers,unsuffixed,6,0.743,1.822,8.882e-05,0.5373,42880.0,0.8777,0.7419
finetune/logs/run_v2_20260812_170423/C_answers.train.log,C_answers,unsuffixed,7,0.4346,0.6778,8.428e-05,0.3739,49820.0,0.9091,0.8655
finetune/logs/run_v2_20260812_170423/C_answers.train.log,C_answers,unsuffixed,8,0.4589,1.66,7.912e-05,0.4101,56860.0,0.904,0.9892
finetune/logs/run_v2_20260812_170423/C_answers.train.log,C_answers,unsuffixed,9,0.4077,1.574,7.344e-05,0.3425,64200.0,0.909,1.111
finetune/logs/run_v2_20260812_170423/C_answers.train.log,C_answers,unsuffixed,10,0.3872,1.23,6.735e-05,0.3473,71180.0,0.9087,1.235
finetune/logs/run_v2_20260812_170423/C_answers.train.log,C_answers,unsuffixed,11,0.4227,0.8031,6.094e-05,0.3589,78310.0,0.9054,1.359
finetune/logs/run_v2_20260812_170423/C_answers.train.log,C_answers,unsuffixed,12,0.3525,0.9323,5.434e-05,0.3329,85140.0,0.9191,1.482
finetune/logs/run_v2_20260812_170423/C_answers.train.log,C_answers,unsuffixed,13,0.3359,1.087,4.766e-05,0.3166,92580.0,0.9145,1.606
finetune/logs/run_v2_20260812_170423/C_answers.train.log,C_answers,unsuffixed,14,0.328,1.158,4.103e-05,0.283,99420.0,0.9332,1.73
finetune/logs/run_v2_20260812_170423/C_answers.train.log,C_answers,unsuffixed,15,0.3402,1.145,3.455e-05,0.2952,106900.0,0.9204,1.853
finetune/logs/run_v2_20260812_170423/C_answers.train.log,C_answers,unsuffixed,16,0.3245,0.9014,2.835e-05,0.314,113800.0,0.9185,1.977
finetune/logs/run_v2_20260812_170423/C_answers.train.log,C_answers,unsuffixed,17,0.2338,1.152,2.253e-05,0.2451,120400.0,0.9369,2.099
finetune/logs/run_v2_20260812_170423/C_answers.train.log,C_answers,unsuffixed,18,0.2712,1.583,1.721e-05,0.2481,127400.0,0.9196,2.223
finetune/logs/run_v2_20260812_170423/C_answers.train.log,C_answers,unsuffixed,19,0.2677,1.593,1.247e-05,0.255,134900.0,0.9342,2.346
finetune/logs/run_v2_20260812_170423/C_answers.train.log,C_answers,unsuffixed,20,0.2223,1.644,8.403e-06,0.2194,142200.0,0.9434,2.47
finetune/logs/run_v2_20260812_170423/C_answers.train.log,C_answers,unsuffixed,21,0.2206,1.592,5.077e-06,0.2124,149300.0,0.9456,2.594
finetune/logs/run_v2_20260812_170423/C_answers.train.log,C_answers,unsuffixed,22,0.2579,1.971,2.552e-06,0.2572,156400.0,0.9321,2.717
finetune/logs/run_v2_20260812_170423/C_answers.train.log,C_answers,unsuffixed,23,0.2261,1.499,8.732e-07,0.2218,163400.0,0.9444,2.841
finetune/logs/run_v2_20260812_170423/C_answers.train.log,C_answers,unsuffixed,24,0.2592,2.101,7.147e-08,0.2498,170500.0,0.9278,2.964
finetune/logs/run_v2_20260812_170423/D_sql.train.log,D_sql,unsuffixed,1,0.5116,0.4811,0.0001,0.06373,78400.0,0.9164,0.1236
finetune/logs/run_v2_20260812_170423/D_sql.train.log,D_sql,unsuffixed,2,0.02521,0.07095,9.946e-05,0.03595,156800.0,0.9926,0.2473
finetune/logs/run_v2_20260812_170423/D_sql.train.log,D_sql,unsuffixed,3,0.0008868,0.002673,9.804e-05,0.003709,235100.0,1.0,0.3709
finetune/logs/run_v2_20260812_170423/D_sql.train.log,D_sql,unsuffixed,4,0.0001456,0.001228,9.577e-05,0.001084,313200.0,1.0,0.4946
finetune/logs/run_v2_20260812_170423/D_sql.train.log,D_sql,unsuffixed,5,4.742e-05,0.00465,9.268e-05,0.0003937,391400.0,1.0,0.6182
finetune/logs/run_v2_20260812_170423/D_sql.train.log,D_sql,unsuffixed,6,2.363e-05,0.0008252,8.882e-05,0.0002276,469600.0,1.0,0.7419
finetune/logs/run_v2_20260812_170423/D_sql.train.log,D_sql,unsuffixed,7,2.013e-05,0.001892,8.428e-05,0.0001904,547800.0,1.0,0.8655
finetune/logs/run_v2_20260812_170423/D_sql.train.log,D_sql,unsuffixed,8,1.59e-05,0.0002235,7.912e-05,0.0001629,626000.0,1.0,0.9892
finetune/logs/run_v2_20260812_170423/D_sql.train.log,D_sql,unsuffixed,9,1.311e-05,0.000184,7.344e-05,0.000145,703300.0,1.0,1.111
finetune/logs/run_v2_20260812_170423/D_sql.train.log,D_sql,unsuffixed,10,1.573e-05,0.0002905,6.735e-05,0.0001564,781500.0,1.0,1.235
finetune/logs/run_v2_20260812_170423/D_sql.train.log,D_sql,unsuffixed,11,1.971e-05,0.0004029,6.094e-05,0.0001774,859700.0,1.0,1.359
finetune/logs/run_v2_20260812_170423/D_sql.train.log,D_sql,unsuffixed,12,1.548e-05,0.0001425,5.434e-05,0.000151,938000.0,1.0,1.482
finetune/logs/run_v2_20260812_170423/D_sql.train.log,D_sql,unsuffixed,13,1.079e-05,0.0004908,4.766e-05,0.000112,1016000.0,1.0,1.606
finetune/logs/run_v2_20260812_170423/D_sql.train.log,D_sql,unsuffixed,14,8.395e-06,0.0001626,4.103e-05,9.479e-05,1094000.0,1.0,1.73
finetune/logs/run_v2_20260812_170423/D_sql.train.log,D_sql,unsuffixed,15,1.212e-05,0.0002675,3.455e-05,0.0001183,1173000.0,1.0,1.853
finetune/logs/run_v2_20260812_170423/D_sql.train.log,D_sql,unsuffixed,16,2.427e-05,0.0001469,2.835e-05,0.0001708,1251000.0,1.0,1.977
finetune/logs/run_v2_20260812_170423/D_sql.train.log,D_sql,unsuffixed,17,8.084e-06,0.0003061,2.253e-05,9.32e-05,1328000.0,1.0,2.099
finetune/logs/run_v2_20260812_170423/D_sql.train.log,D_sql,unsuffixed,18,1.088e-05,0.0003335,1.721e-05,0.0001172,1406000.0,1.0,2.223
finetune/logs/run_v2_20260812_170423/D_sql.train.log,D_sql,unsuffixed,19,8.693e-06,8.5e-05,1.247e-05,9.592e-05,1485000.0,1.0,2.346
finetune/logs/run_v2_20260812_170423/D_sql.train.log,D_sql,unsuffixed,20,9.343e-06,0.000227,8.403e-06,0.0001043,1563000.0,1.0,2.47
finetune/logs/run_v2_20260812_170423/D_sql.train.log,D_sql,unsuffixed,21,7.269e-06,0.0001133,5.077e-06,8.181e-05,1641000.0,1.0,2.594
finetune/logs/run_v2_20260812_170423/D_sql.train.log,D_sql,unsuffixed,22,7.784e-06,0.0001861,2.552e-06,8.231e-05,1719000.0,1.0,2.717
finetune/logs/run_v2_20260812_170423/D_sql.train.log,D_sql,unsuffixed,23,9.1e-06,0.0002023,8.732e-07,9.786e-05,1798000.0,1.0,2.841
finetune/logs/run_v2_20260812_170423/D_sql.train.log,D_sql,unsuffixed,24,1.075e-05,0.0008152,7.147e-08,0.0001093,1876000.0,1.0,2.964
finetune/logs/run_v2_20260813_211033/D_sql_k0.train.log,D_sql_k0,unsuffixed,1,0.5108,0.5095,0.0001,0.06316,78400.0,0.9159,0.1236
finetune/logs/run_v2_20260813_211033/D_sql_k0.train.log,D_sql_k0,unsuffixed,2,0.02485,0.05057,9.946e-05,0.03326,156800.0,0.9926,0.2473
finetune/logs/run_v2_20260813_211033/D_sql_k0.train.log,D_sql_k0,unsuffixed,3,0.0009219,0.002827,9.804e-05,0.00362,235100.0,1.0,0.3709
finetune/logs/run_v2_20260813_211033/D_sql_k0.train.log,D_sql_k0,unsuffixed,4,0.0001297,0.002391,9.577e-05,0.001037,313200.0,1.0,0.4946
finetune/logs/run_v2_20260813_211033/D_sql_k0.train.log,D_sql_k0,unsuffixed,5,4.851e-05,0.003018,9.268e-05,0.0004129,391400.0,1.0,0.6182
finetune/logs/run_v2_20260813_211033/D_sql_k0.train.log,D_sql_k0,unsuffixed,6,2.651e-05,0.0006116,8.882e-05,0.0002511,469600.0,1.0,0.7419
finetune/logs/run_v2_20260813_211033/D_sql_k0.train.log,D_sql_k0,unsuffixed,7,2.146e-05,0.001604,8.428e-05,0.0002036,547800.0,1.0,0.8655
finetune/logs/run_v2_20260813_211033/D_sql_k0.train.log,D_sql_k0,unsuffixed,8,1.673e-05,0.0002342,7.912e-05,0.0001674,626000.0,1.0,0.9892
finetune/logs/run_v2_20260813_211033/D_sql_k0.train.log,D_sql_k0,unsuffixed,9,1.543e-05,0.0002003,7.344e-05,0.0001637,703300.0,1.0,1.111
finetune/logs/run_v2_20260813_211033/D_sql_k0.train.log,D_sql_k0,unsuffixed,10,1.688e-05,0.0003327,6.735e-05,0.0001646,781500.0,1.0,1.235
finetune/logs/run_v2_20260813_211033/D_sql_k0.train.log,D_sql_k0,unsuffixed,11,1.948e-05,0.0004702,6.094e-05,0.0001781,859700.0,1.0,1.359
finetune/logs/run_v2_20260813_211033/D_sql_k0.train.log,D_sql_k0,unsuffixed,12,1.51e-05,0.0001268,5.434e-05,0.0001508,938000.0,1.0,1.482
finetune/logs/run_v2_20260813_211033/D_sql_k0.train.log,D_sql_k0,unsuffixed,13,1.138e-05,0.0005106,4.766e-05,0.0001166,1016000.0,1.0,1.606
finetune/logs/run_v2_20260813_211033/D_sql_k0.train.log,D_sql_k0,unsuffixed,14,8.824e-06,0.0001967,4.103e-05,9.855e-05,1094000.0,1.0,1.73
finetune/logs/run_v2_20260813_211033/D_sql_k0.train.log,D_sql_k0,unsuffixed,15,1.195e-05,0.0003328,3.455e-05,0.0001178,1173000.0,1.0,1.853
finetune/logs/run_v2_20260813_211033/D_sql_k0.train.log,D_sql_k0,unsuffixed,16,0.000191,0.000149,2.835e-05,0.0004486,1251000.0,1.0,1.977
finetune/logs/run_v2_20260813_211033/D_sql_k0.train.log,D_sql_k0,unsuffixed,17,8.673e-06,0.0003625,2.253e-05,9.806e-05,1328000.0,1.0,2.099
finetune/logs/run_v2_20260813_211033/D_sql_k0.train.log,D_sql_k0,unsuffixed,18,1.084e-05,0.0002579,1.721e-05,0.0001153,1406000.0,1.0,2.223
finetune/logs/run_v2_20260813_211033/D_sql_k0.train.log,D_sql_k0,unsuffixed,19,8.326e-06,8.761e-05,1.247e-05,9.268e-05,1485000.0,1.0,2.346
finetune/logs/run_v2_20260813_211033/D_sql_k0.train.log,D_sql_k0,unsuffixed,20,1.059e-05,0.0002015,8.403e-06,0.0001156,1563000.0,1.0,2.47
finetune/logs/run_v2_20260813_211033/D_sql_k0.train.log,D_sql_k0,unsuffixed,21,7.83e-06,0.0001017,5.077e-06,8.626e-05,1641000.0,1.0,2.594
finetune/logs/run_v2_20260813_211033/D_sql_k0.train.log,D_sql_k0,unsuffixed,22,9.853e-06,0.0001824,2.552e-06,9.795e-05,1719000.0,1.0,2.717
finetune/logs/run_v2_20260813_211033/D_sql_k0.train.log,D_sql_k0,unsuffixed,23,9.733e-06,0.0002211,8.732e-07,0.0001048,1798000.0,1.0,2.841
finetune/logs/run_v2_20260813_211033/D_sql_k0.train.log,D_sql_k0,unsuffixed,24,1.118e-05,0.0008699,7.147e-08,0.0001125,1876000.0,1.0,2.964
finetune/logs/run_v2_20260813_211415/D_sql_k5.train.log,D_sql_k5,unsuffixed,1,0.5121,0.4795,0.0001,0.06317,78400.0,0.915,0.1236
finetune/logs/run_v2_20260813_211415/D_sql_k5.train.log,D_sql_k5,unsuffixed,2,0.02511,0.05294,9.946e-05,0.03349,156800.0,0.9922,0.2473
finetune/logs/run_v2_20260813_211415/D_sql_k5.train.log,D_sql_k5,unsuffixed,3,0.0008917,0.003302,9.804e-05,0.003535,235100.0,1.0,0.3709
finetune/logs/run_v2_20260813_211415/D_sql_k5.train.log,D_sql_k5,unsuffixed,4,0.0001613,0.002713,9.577e-05,0.001119,313200.0,1.0,0.4946
finetune/logs/run_v2_20260813_211415/D_sql_k5.train.log,D_sql_k5,unsuffixed,5,5.034e-05,0.004778,9.268e-05,0.0004117,391400.0,1.0,0.6182
finetune/logs/run_v2_20260813_211415/D_sql_k5.train.log,D_sql_k5,unsuffixed,6,2.496e-05,0.0008736,8.882e-05,0.0002366,469600.0,1.0,0.7419
finetune/logs/run_v2_20260813_211415/D_sql_k5.train.log,D_sql_k5,unsuffixed,7,2.119e-05,0.002272,8.428e-05,0.0001968,547800.0,1.0,0.8655
finetune/logs/run_v2_20260813_211415/D_sql_k5.train.log,D_sql_k5,unsuffixed,8,1.678e-05,0.0002507,7.912e-05,0.0001669,626000.0,1.0,0.9892
finetune/logs/run_v2_20260813_211415/D_sql_k5.train.log,D_sql_k5,unsuffixed,9,1.429e-05,0.000218,7.344e-05,0.0001533,703300.0,1.0,1.111
finetune/logs/run_v2_20260813_211415/D_sql_k5.train.log,D_sql_k5,unsuffixed,10,1.55e-05,0.0003432,6.735e-05,0.0001544,781500.0,1.0,1.235
finetune/logs/run_v2_20260813_211415/D_sql_k5.train.log,D_sql_k5,unsuffixed,11,1.903e-05,0.0004748,6.094e-05,0.0001714,859700.0,1.0,1.359
finetune/logs/run_v2_20260813_211415/D_sql_k5.train.log,D_sql_k5,unsuffixed,12,1.453e-05,0.0001168,5.434e-05,0.0001448,938000.0,1.0,1.482
finetune/logs/run_v2_20260813_211415/D_sql_k5.train.log,D_sql_k5,unsuffixed,13,1.047e-05,0.0005005,4.766e-05,0.0001092,1016000.0,1.0,1.606
finetune/logs/run_v2_20260813_211415/D_sql_k5.train.log,D_sql_k5,unsuffixed,14,8.048e-06,0.0001853,4.103e-05,9.101e-05,1094000.0,1.0,1.73
finetune/logs/run_v2_20260813_211415/D_sql_k5.train.log,D_sql_k5,unsuffixed,15,1.142e-05,0.0003416,3.455e-05,0.0001145,1173000.0,1.0,1.853
finetune/logs/run_v2_20260813_211415/D_sql_k5.train.log,D_sql_k5,unsuffixed,16,3.681e-05,0.0001443,2.835e-05,0.0002087,1251000.0,1.0,1.977
finetune/logs/run_v2_20260813_211415/D_sql_k5.train.log,D_sql_k5,unsuffixed,17,8.22e-06,0.0002792,2.253e-05,9.316e-05,1328000.0,1.0,2.099
finetune/logs/run_v2_20260813_211415/D_sql_k5.train.log,D_sql_k5,unsuffixed,18,1.092e-05,0.000279,1.721e-05,0.0001156,1406000.0,1.0,2.223
finetune/logs/run_v2_20260813_211415/D_sql_k5.train.log,D_sql_k5,unsuffixed,19,8.849e-06,9.467e-05,1.247e-05,9.568e-05,1485000.0,1.0,2.346
finetune/logs/run_v2_20260813_211415/D_sql_k5.train.log,D_sql_k5,unsuffixed,20,9.064e-06,0.0002334,8.403e-06,0.0001013,1563000.0,1.0,2.47
finetune/logs/run_v2_20260813_211415/D_sql_k5.train.log,D_sql_k5,unsuffixed,21,7.16e-06,0.0001055,5.077e-06,7.984e-05,1641000.0,1.0,2.594
finetune/logs/run_v2_20260813_211415/D_sql_k5.train.log,D_sql_k5,unsuffixed,22,7.769e-06,0.0002032,2.552e-06,8.237e-05,1719000.0,1.0,2.717
finetune/logs/run_v2_20260813_211415/D_sql_k5.train.log,D_sql_k5,unsuffixed,23,8.794e-06,0.0001989,8.732e-07,9.512e-05,1798000.0,1.0,2.841
finetune/logs/run_v2_20260813_211415/D_sql_k5.train.log,D_sql_k5,unsuffixed,24,1.077e-05,0.0007835,7.147e-08,0.0001088,1876000.0,1.0,2.964
finetune/logs/run_v2_20260813_211417/D_sql_k25.train.log,D_sql_k25,unsuffixed,1,0.5124,0.4938,0.0001,0.06367,78400.0,0.9156,0.1236
finetune/logs/run_v2_20260813_211417/D_sql_k25.train.log,D_sql_k25,unsuffixed,2,0.02553,0.04258,9.946e-05,0.03353,156800.0,0.9926,0.2473
finetune/logs/run_v2_20260813_211417/D_sql_k25.train.log,D_sql_k25,unsuffixed,3,0.0008515,0.003012,9.804e-05,0.003641,235100.0,1.0,0.3709
finetune/logs/run_v2_20260813_211417/D_sql_k25.train.log,D_sql_k25,unsuffixed,4,0.0001212,0.001189,9.577e-05,0.0009782,313200.0,1.0,0.4946
finetune/logs/run_v2_20260813_211417/D_sql_k25.train.log,D_sql_k25,unsuffixed,5,4.854e-05,0.003724,9.268e-05,0.0003929,391400.0,1.0,0.6182
finetune/logs/run_v2_20260813_211417/D_sql_k25.train.log,D_sql_k25,unsuffixed,6,2.716e-05,0.0007148,8.882e-05,0.0002509,469600.0,1.0,0.7419
finetune/logs/run_v2_20260813_211417/D_sql_k25.train.log,D_sql_k25,unsuffixed,7,2.179e-05,0.001819,8.428e-05,0.0002026,547800.0,1.0,0.8655
finetune/logs/run_v2_20260813_211417/D_sql_k25.train.log,D_sql_k25,unsuffixed,8,1.682e-05,0.0002385,7.912e-05,0.000167,626000.0,1.0,0.9892
finetune/logs/run_v2_20260813_211417/D_sql_k25.train.log,D_sql_k25,unsuffixed,9,1.474e-05,0.0002151,7.344e-05,0.000157,703300.0,1.0,1.111
finetune/logs/run_v2_20260813_211417/D_sql_k25.train.log,D_sql_k25,unsuffixed,10,1.708e-05,0.0003941,6.735e-05,0.0001657,781500.0,1.0,1.235
finetune/logs/run_v2_20260813_211417/D_sql_k25.train.log,D_sql_k25,unsuffixed,11,2.113e-05,0.0005847,6.094e-05,0.0001876,859700.0,1.0,1.359
finetune/logs/run_v2_20260813_211417/D_sql_k25.train.log,D_sql_k25,unsuffixed,12,1.581e-05,0.0001355,5.434e-05,0.0001531,938000.0,1.0,1.482
finetune/logs/run_v2_20260813_211417/D_sql_k25.train.log,D_sql_k25,unsuffixed,13,1.182e-05,0.000542,4.766e-05,0.0001181,1016000.0,1.0,1.606
finetune/logs/run_v2_20260813_211417/D_sql_k25.train.log,D_sql_k25,unsuffixed,14,8.562e-06,0.0001915,4.103e-05,9.595e-05,1094000.0,1.0,1.73
finetune/logs/run_v2_20260813_211417/D_sql_k25.train.log,D_sql_k25,unsuffixed,15,1.147e-05,0.0002957,3.455e-05,0.0001152,1173000.0,1.0,1.853
finetune/logs/run_v2_20260813_211417/D_sql_k25.train.log,D_sql_k25,unsuffixed,16,0.0002102,0.0001369,2.835e-05,0.0004528,1251000.0,1.0,1.977
finetune/logs/run_v2_20260813_211417/D_sql_k25.train.log,D_sql_k25,unsuffixed,17,8.738e-06,0.0002941,2.253e-05,9.837e-05,1328000.0,1.0,2.099
finetune/logs/run_v2_20260813_211417/D_sql_k25.train.log,D_sql_k25,unsuffixed,18,1.119e-05,0.0003741,1.721e-05,0.0001203,1406000.0,1.0,2.223
finetune/logs/run_v2_20260813_211417/D_sql_k25.train.log,D_sql_k25,unsuffixed,19,8.864e-06,9.133e-05,1.247e-05,9.711e-05,1485000.0,1.0,2.346
finetune/logs/run_v2_20260813_211417/D_sql_k25.train.log,D_sql_k25,unsuffixed,20,1.073e-05,0.0002329,8.403e-06,0.0001175,1563000.0,1.0,2.47
finetune/logs/run_v2_20260813_211417/D_sql_k25.train.log,D_sql_k25,unsuffixed,21,8.104e-06,0.0001163,5.077e-06,8.814e-05,1641000.0,1.0,2.594
finetune/logs/run_v2_20260813_211417/D_sql_k25.train.log,D_sql_k25,unsuffixed,22,9.721e-06,0.0001919,2.552e-06,9.877e-05,1719000.0,1.0,2.717
finetune/logs/run_v2_20260813_211417/D_sql_k25.train.log,D_sql_k25,unsuffixed,23,9.545e-06,0.0002742,8.732e-07,0.0001032,1798000.0,1.0,2.841
finetune/logs/run_v2_20260813_211417/D_sql_k25.train.log,D_sql_k25,unsuffixed,24,1.179e-05,0.001095,7.147e-08,0.0001163,1876000.0,1.0,2.964
finetune/logs/run_v2_20260814_012226/A_cpt.seed13.train.log,A_cpt,13,1,2.55,1.357,7.3e-05,2.277,77470.0,0.5358,1.696
finetune/logs/run_v2_20260814_012226/A_cpt.seed13.train.log,A_cpt,13,2,1.026,0.5056,1.121e-05,1.066,153000.0,0.7918,3.348
finetune/logs/run_v2_20260814_012226/BD_facts_sql.seed13.train.log,BD_facts_sql,13,1,3.113,4.07,3.75e-05,0.3578,31690.0,0.6836,0.0379
finetune/logs/run_v2_20260814_012226/BD_facts_sql.seed13.train.log,BD_facts_sql,13,2,0.7361,1.483,7.917e-05,0.5685,55080.0,0.8201,0.07579
finetune/logs/run_v2_20260814_012226/BD_facts_sql.seed13.train.log,BD_facts_sql,13,3,0.2979,1.134,9.999e-05,0.3917,83820.0,0.9313,0.1137
finetune/logs/run_v2_20260814_012226/BD_facts_sql.seed13.train.log,BD_facts_sql,13,4,0.2852,1.249,9.991e-05,0.2783,113500.0,0.9435,0.1516
finetune/logs/run_v2_20260814_012226/BD_facts_sql.seed13.train.log,BD_facts_sql,13,5,0.2829,0.7298,9.974e-05,0.2975,139700.0,0.9316,0.1895
finetune/logs/run_v2_20260814_012226/BD_facts_sql.seed13.train.log,BD_facts_sql,13,6,0.3186,0.946,9.949e-05,0.318,173100.0,0.9304,0.2274
finetune/logs/run_v2_20260814_012226/BD_facts_sql.seed13.train.log,BD_facts_sql,13,7,0.3167,0.568,9.916e-05,0.2962,199200.0,0.9367,0.2653
finetune/logs/run_v2_20260814_012226/BD_facts_sql.seed13.train.log,BD_facts_sql,13,8,0.2987,0.8756,9.874e-05,0.2619,227100.0,0.9299,0.3032
finetune/logs/run_v2_20260814_012226/BD_facts_sql.seed13.train.log,BD_facts_sql,13,9,0.2913,0.2287,9.824e-05,0.2773,251500.0,0.9372,0.3411
finetune/logs/run_v2_20260814_012226/BD_facts_sql.seed13.train.log,BD_facts_sql,13,10,0.3243,0.8266,9.767e-05,0.3077,279500.0,0.9399,0.379
finetune/logs/run_v2_20260814_012226/BD_facts_sql.seed13.train.log,BD_facts_sql,13,11,0.24,0.2053,9.701e-05,0.2553,309200.0,0.9386,0.4169
finetune/logs/run_v2_20260814_012226/BD_facts_sql.seed13.train.log,BD_facts_sql,13,12,0.2595,0.06691,9.627e-05,0.2489,340700.0,0.9457,0.4548
finetune/logs/run_v2_20260814_012226/BD_facts_sql.seed13.train.log,BD_facts_sql,13,13,0.1784,0.3367,9.546e-05,0.2233,374800.0,0.9536,0.4927
finetune/logs/run_v2_20260814_012226/BD_facts_sql.seed13.train.log,BD_facts_sql,13,14,0.1595,0.4072,9.457e-05,0.1585,404600.0,0.9646,0.5306
finetune/logs/run_v2_20260814_012226/BD_facts_sql.seed13.train.log,BD_facts_sql,13,15,0.1416,0.1276,9.36e-05,0.1779,434200.0,0.9627,0.5685
finetune/logs/run_v2_20260814_012226/BD_facts_sql.seed13.train.log,BD_facts_sql,13,16,0.1339,0.4036,9.257e-05,0.1669,463100.0,0.9558,0.6063
finetune/logs/run_v2_20260814_012226/BD_facts_sql.seed13.train.log,BD_facts_sql,13,17,0.284,0.7263,9.146e-05,0.2674,493700.0,0.9377,0.6442
finetune/logs/run_v2_20260814_012226/BD_facts_sql.seed13.train.log,BD_facts_sql,13,18,0.3161,0.4015,9.028e-05,0.2981,519800.0,0.9297,0.6821
finetune/logs/run_v2_20260814_012226/BD_facts_sql.seed13.train.log,BD_facts_sql,13,19,0.2108,0.4831,8.904e-05,0.2049,548600.0,0.9539,0.72
finetune/logs/run_v2_20260814_012226/BD_facts_sql.seed13.train.log,BD_facts_sql,13,20,0.2173,0.6282,8.773e-05,0.2345,573000.0,0.942,0.7579
finetune/logs/run_v2_20260814_012226/BD_facts_sql.seed13.train.log,BD_facts_sql,13,21,0.2741,0.4287,8.635e-05,0.2767,599100.0,0.9339,0.7958
finetune/logs/run_v2_20260814_012226/BD_facts_sql.seed13.train.log,BD_facts_sql,13,22,0.2477,0.3032,8.492e-05,0.2798,621500.0,0.9392,0.8337
finetune/logs/run_v2_20260814_012226/BD_facts_sql.seed13.train.log,BD_facts_sql,13,23,0.2249,0.6178,8.343e-05,0.2172,647600.0,0.9501,0.8716
finetune/logs/run_v2_20260814_012226/BD_facts_sql.seed13.train.log,BD_facts_sql,13,24,0.2568,0.3529,8.188e-05,0.2138,686400.0,0.938,0.9095
finetune/logs/run_v2_20260814_012226/BD_facts_sql.seed13.train.log,BD_facts_sql,13,25,0.2132,0.1932,8.028e-05,0.2357,712600.0,0.9459,0.9474
finetune/logs/run_v2_20260814_012226/BD_facts_sql.seed13.train.log,BD_facts_sql,13,26,0.2877,0.3357,7.862e-05,0.2589,739700.0,0.9429,0.9853
finetune/logs/run_v2_20260814_012226/BD_facts_sql.seed13.train.log,BD_facts_sql,13,27,0.244,0.521,7.692e-05,0.2876,766500.0,0.9419,1.023
finetune/logs/run_v2_20260814_012226/BD_facts_sql.seed13.train.log,BD_facts_sql,13,28,0.2724,0.4913,7.518e-05,0.2683,789000.0,0.9416,1.061
finetune/logs/run_v2_20260814_012226/BD_facts_sql.seed13.train.log,BD_facts_sql,13,29,0.1433,0.06731,7.339e-05,0.1742,818700.0,0.9605,1.099
finetune/logs/run_v2_20260814_012226/BD_facts_sql.seed13.train.log,BD_facts_sql,13,30,0.1848,0.1144,7.156e-05,0.1658,851000.0,0.9551,1.136
finetune/logs/run_v2_20260814_012226/BD_facts_sql.seed13.train.log,BD_facts_sql,13,31,0.1983,0.3261,6.97e-05,0.1902,878200.0,0.9474,1.174
finetune/logs/run_v2_20260814_012226/BD_facts_sql.seed13.train.log,BD_facts_sql,13,32,0.162,0.4986,6.78e-05,0.1828,913400.0,0.9492,1.212
finetune/logs/run_v2_20260814_012226/BD_facts_sql.seed13.train.log,BD_facts_sql,13,33,0.1698,0.3345,6.588e-05,0.172,942400.0,0.9546,1.25
finetune/logs/run_v2_20260814_012226/BD_facts_sql.seed13.train.log,BD_facts_sql,13,34,0.1616,0.6202,6.393e-05,0.1932,970200.0,0.9523,1.288
finetune/logs/run_v2_20260814_012226/BD_facts_sql.seed13.train.log,BD_facts_sql,13,35,0.2022,0.3978,6.195e-05,0.1794,996300.0,0.9461,1.326
finetune/logs/run_v2_20260814_012226/BD_facts_sql.seed13.train.log,BD_facts_sql,13,36,0.173,0.6968,5.996e-05,0.2102,1032000.0,0.9488,1.364
finetune/logs/run_v2_20260814_012226/BD_facts_sql.seed13.train.log,BD_facts_sql,13,37,0.1329,0.3379,5.794e-05,0.1394,1061000.0,0.9615,1.402
finetune/logs/run_v2_20260814_012226/BD_facts_sql.seed13.train.log,BD_facts_sql,13,38,0.263,0.7729,5.592e-05,0.2784,1088000.0,0.9374,1.44
finetune/logs/run_v2_20260814_012226/BD_facts_sql.seed13.train.log,BD_facts_sql,13,39,0.1543,0.2458,5.388e-05,0.1837,1113000.0,0.9534,1.477
finetune/logs/run_v2_20260814_012226/BD_facts_sql.seed13.train.log,BD_facts_sql,13,40,0.09992,0.2384,5.184e-05,0.1201,1149000.0,0.9678,1.515
finetune/logs/run_v2_20260814_012226/BD_facts_sql.seed13.train.log,BD_facts_sql,13,41,0.1342,0.5291,4.98e-05,0.1461,1181000.0,0.9681,1.553
finetune/logs/run_v2_20260814_012226/BD_facts_sql.seed13.train.log,BD_facts_sql,13,42,0.1946,0.6978,4.775e-05,0.1846,1208000.0,0.9528,1.591
finetune/logs/run_v2_20260814_012226/BD_facts_sql.seed13.train.log,BD_facts_sql,13,43,0.1626,0.1737,4.571e-05,0.1654,1232000.0,0.9548,1.629
finetune/logs/run_v2_20260814_012226/BD_facts_sql.seed13.train.log,BD_facts_sql,13,44,0.1257,0.373,4.368e-05,0.1398,1260000.0,0.9579,1.667
finetune/logs/run_v2_20260814_012226/BD_facts_sql.seed13.train.log,BD_facts_sql,13,45,0.1646,0.7446,4.165e-05,0.2072,1289000.0,0.9487,1.705
finetune/logs/run_v2_20260814_012226/BD_facts_sql.seed13.train.log,BD_facts_sql,13,46,0.1608,0.3818,3.964e-05,0.1928,1318000.0,0.9495,1.743
finetune/logs/run_v2_20260814_012226/BD_facts_sql.seed13.train.log,BD_facts_sql,13,47,0.09008,0.3909,3.765e-05,0.1269,1353000.0,0.9659,1.781
finetune/logs/run_v2_20260814_012226/BD_facts_sql.seed13.train.log,BD_facts_sql,13,48,0.227,0.4703,3.568e-05,0.2336,1376000.0,0.9383,1.819
finetune/logs/run_v2_20260814_012226/BD_facts_sql.seed13.train.log,BD_facts_sql,13,49,0.1954,1.12,3.373e-05,0.1727,1403000.0,0.9466,1.856
finetune/logs/run_v2_20260814_012226/BD_facts_sql.seed13.train.log,BD_facts_sql,13,50,0.1395,0.4154,3.181e-05,0.1648,1428000.0,0.9515,1.894
finetune/logs/run_v2_20260814_012226/BD_facts_sql.seed13.train.log,BD_facts_sql,13,51,0.1561,0.7077,2.993e-05,0.1536,1459000.0,0.9588,1.932
finetune/logs/run_v2_20260814_012226/BD_facts_sql.seed13.train.log,BD_facts_sql,13,52,0.231,0.4652,2.807e-05,0.2523,1477000.0,0.9406,1.97
finetune/logs/run_v2_20260814_012226/BD_facts_sql.seed13.train.log,BD_facts_sql,13,53,0.1422,0.3402,2.625e-05,0.1843,1502000.0,0.9655,2.008
finetune/logs/run_v2_20260814_012226/BD_facts_sql.seed13.train.log,BD_facts_sql,13,54,0.1151,0.7166,2.447e-05,0.1681,1529000.0,0.9698,2.045
finetune/logs/run_v2_20260814_012226/BD_facts_sql.seed13.train.log,BD_facts_sql,13,55,0.1391,0.2926,2.273e-05,0.2039,1553000.0,0.9593,2.083
finetune/logs/run_v2_20260814_012226/BD_facts_sql.seed13.train.log,BD_facts_sql,13,56,0.1426,0.5306,2.104e-05,0.1497,1582000.0,0.9606,2.121
finetune/logs/run_v2_20260814_012226/BD_facts_sql.seed13.train.log,BD_facts_sql,13,57,0.08278,0.2158,1.94e-05,0.1197,1612000.0,0.97,2.159
finetune/logs/run_v2_20260814_012226/BD_facts_sql.seed13.train.log,BD_facts_sql,13,58,0.1329,1.014,1.781e-05,0.136,1642000.0,0.9599,2.197
finetune/logs/run_v2_20260814_012226/BD_facts_sql.seed13.train.log,BD_facts_sql,13,59,0.08419,0.1686,1.627e-05,0.08139,1674000.0,0.9678,2.235
finetune/logs/run_v2_20260814_012226/BD_facts_sql.seed13.train.log,BD_facts_sql,13,60,0.1219,0.2189,1.479e-05,0.1305,1706000.0,0.9658,2.273
finetune/logs/run_v2_20260814_012226/BD_facts_sql.seed13.train.log,BD_facts_sql,13,61,0.1239,2.558,1.337e-05,0.1349,1738000.0,0.9603,2.311
finetune/logs/run_v2_20260814_012226/BD_facts_sql.seed13.train.log,BD_facts_sql,13,62,0.1379,0.5245,1.201e-05,0.1417,1766000.0,0.9546,2.349
finetune/logs/run_v2_20260814_012226/BD_facts_sql.seed13.train.log,BD_facts_sql,13,63,0.08056,0.1217,1.071e-05,0.1049,1795000.0,0.9726,2.387
finetune/logs/run_v2_20260814_012226/BD_facts_sql.seed13.train.log,BD_facts_sql,13,64,0.08086,0.1825,9.477e-06,0.1027,1818000.0,0.9721,2.424
finetune/logs/run_v2_20260814_012226/BD_facts_sql.seed13.train.log,BD_facts_sql,13,65,0.1255,0.869,8.313e-06,0.1324,1842000.0,0.9637,2.462
finetune/logs/run_v2_20260814_012226/BD_facts_sql.seed13.train.log,BD_facts_sql,13,66,0.09102,0.2784,7.219e-06,0.1261,1870000.0,0.9689,2.5
finetune/logs/run_v2_20260814_012226/BD_facts_sql.seed13.train.log,BD_facts_sql,13,67,0.09479,0.3952,6.196e-06,0.1174,1895000.0,0.9625,2.538
finetune/logs/run_v2_20260814_012226/BD_facts_sql.seed13.train.log,BD_facts_sql,13,68,0.09728,0.3587,5.247e-06,0.1074,1926000.0,0.9741,2.576
finetune/logs/run_v2_20260814_012226/BD_facts_sql.seed13.train.log,BD_facts_sql,13,69,0.1374,2.39,4.373e-06,0.1245,1957000.0,0.9615,2.614
finetune/logs/run_v2_20260814_012226/BD_facts_sql.seed13.train.log,BD_facts_sql,13,70,0.135,0.3481,3.575e-06,0.1452,1986000.0,0.9599,2.652
finetune/logs/run_v2_20260814_012226/BD_facts_sql.seed13.train.log,BD_facts_sql,13,71,0.1304,0.1936,2.854e-06,0.1399,2010000.0,0.9616,2.69
finetune/logs/run_v2_20260814_012226/BD_facts_sql.seed13.train.log,BD_facts_sql,13,72,0.1055,0.6926,2.213e-06,0.1262,2036000.0,0.9596,2.728
finetune/logs/run_v2_20260814_012226/BD_facts_sql.seed13.train.log,BD_facts_sql,13,73,0.1412,0.5875,1.651e-06,0.1377,2060000.0,0.952,2.766
finetune/logs/run_v2_20260814_012226/BD_facts_sql.seed13.train.log,BD_facts_sql,13,74,0.09137,0.4057,1.17e-06,0.1048,2087000.0,0.967,2.803
finetune/logs/run_v2_20260814_012226/BD_facts_sql.seed13.train.log,BD_facts_sql,13,75,0.103,0.6474,7.715e-07,0.1305,2119000.0,0.9674,2.841
finetune/logs/run_v2_20260814_012226/BD_facts_sql.seed13.train.log,BD_facts_sql,13,76,0.1164,0.41,4.549e-07,0.129,2146000.0,0.9679,2.879
finetune/logs/run_v2_20260814_012226/BD_facts_sql.seed13.train.log,BD_facts_sql,13,77,0.1095,0.7572,2.211e-07,0.112,2174000.0,0.9636,2.917
finetune/logs/run_v2_20260814_012226/BD_facts_sql.seed13.train.log,BD_facts_sql,13,78,0.1116,0.9746,7.068e-08,0.1129,2206000.0,0.9691,2.955
finetune/logs/run_v2_20260814_012226/BD_facts_sql.seed13.train.log,BD_facts_sql,13,79,0.06866,0.136,3.765e-09,0.1025,2241000.0,0.974,2.993
finetune/logs/run_v2_20260814_012226/C_answers.seed13.train.log,C_answers,13,1,4.023,3.028,0.0001,1.15,7366.0,0.5107,0.1236
finetune/logs/run_v2_20260814_012226/C_answers.seed13.train.log,C_answers,13,2,1.219,1.648,9.946e-05,1.097,14490.0,0.8001,0.2473
finetune/logs/run_v2_20260814_012226/C_answers.seed13.train.log,C_answers,13,3,0.6959,2.089,9.804e-05,0.5978,21530.0,0.8615,0.3709
finetune/logs/run_v2_20260814_012226/C_answers.seed13.train.log,C_answers,13,4,0.6413,1.653,9.577e-05,0.5593,28330.0,0.8797,0.4946
finetune/logs/run_v2_20260814_012226/C_answers.seed13.train.log,C_answers,13,5,0.7392,2.082,9.268e-05,0.5897,35400.0,0.8582,0.6182
finetune/logs/run_v2_20260814_012226/C_answers.seed13.train.log,C_answers,13,6,0.7508,2.182,8.882e-05,0.5421,42880.0,0.8754,0.7419
finetune/logs/run_v2_20260814_012226/C_answers.seed13.train.log,C_answers,13,7,0.4379,0.6853,8.428e-05,0.3793,49820.0,0.908,0.8655
finetune/logs/run_v2_20260814_012226/C_answers.seed13.train.log,C_answers,13,8,0.4595,1.793,7.912e-05,0.4192,56860.0,0.9052,0.9892
finetune/logs/run_v2_20260814_012226/C_answers.seed13.train.log,C_answers,13,9,0.4045,1.676,7.344e-05,0.3387,64200.0,0.9107,1.111
finetune/logs/run_v2_20260814_012226/C_answers.seed13.train.log,C_answers,13,10,0.3915,1.23,6.735e-05,0.3488,71180.0,0.9095,1.235
finetune/logs/run_v2_20260814_012226/C_answers.seed13.train.log,C_answers,13,11,0.4219,0.8368,6.094e-05,0.3593,78310.0,0.9066,1.359
finetune/logs/run_v2_20260814_012226/C_answers.seed13.train.log,C_answers,13,12,0.353,0.9459,5.434e-05,0.336,85140.0,0.9184,1.482
finetune/logs/run_v2_20260814_012226/C_answers.seed13.train.log,C_answers,13,13,0.3415,1.177,4.766e-05,0.32,92580.0,0.9126,1.606
finetune/logs/run_v2_20260814_012226/C_answers.seed13.train.log,C_answers,13,14,0.3259,1.144,4.103e-05,0.2788,99420.0,0.9314,1.73
finetune/logs/run_v2_20260814_012226/C_answers.seed13.train.log,C_answers,13,15,0.3499,1.204,3.455e-05,0.2927,106900.0,0.9218,1.853
finetune/logs/run_v2_20260814_012226/C_answers.seed13.train.log,C_answers,13,16,0.3214,0.9543,2.835e-05,0.3121,113800.0,0.9196,1.977
finetune/logs/run_v2_20260814_012226/C_answers.seed13.train.log,C_answers,13,17,0.2308,1.182,2.253e-05,0.2492,120400.0,0.938,2.099
finetune/logs/run_v2_20260814_012226/C_answers.seed13.train.log,C_answers,13,18,0.2667,1.581,1.721e-05,0.2455,127400.0,0.924,2.223
finetune/logs/run_v2_20260814_012226/C_answers.seed13.train.log,C_answers,13,19,0.2674,1.71,1.247e-05,0.2515,134900.0,0.9344,2.346
finetune/logs/run_v2_20260814_012226/C_answers.seed13.train.log,C_answers,13,20,0.2205,1.665,8.403e-06,0.2143,142200.0,0.944,2.47
finetune/logs/run_v2_20260814_012226/C_answers.seed13.train.log,C_answers,13,21,0.221,1.504,5.077e-06,0.2112,149300.0,0.9438,2.594
finetune/logs/run_v2_20260814_012226/C_answers.seed13.train.log,C_answers,13,22,0.2606,1.893,2.552e-06,0.2604,156400.0,0.9288,2.717
finetune/logs/run_v2_20260814_012226/C_answers.seed13.train.log,C_answers,13,23,0.2217,1.542,8.732e-07,0.2197,163400.0,0.9455,2.841
finetune/logs/run_v2_20260814_012226/C_answers.seed13.train.log,C_answers,13,24,0.2568,2.125,7.147e-08,0.2488,170500.0,0.9265,2.964
finetune/logs/run_v2_20260814_012226/D_sql.seed13.train.log,D_sql,13,1,0.5137,0.497,0.0001,0.06369,78400.0,0.916,0.1236
finetune/logs/run_v2_20260814_012226/D_sql.seed13.train.log,D_sql,13,2,0.02525,0.04603,9.946e-05,0.03538,156800.0,0.9926,0.2473
finetune/logs/run_v2_20260814_012226/D_sql.seed13.train.log,D_sql,13,3,0.0009117,0.00211,9.804e-05,0.003667,235100.0,1.0,0.3709
finetune/logs/run_v2_20260814_012226/D_sql.seed13.train.log,D_sql,13,4,0.0001416,0.001399,9.577e-05,0.001064,313200.0,1.0,0.4946
finetune/logs/run_v2_20260814_012226/D_sql.seed13.train.log,D_sql,13,5,4.983e-05,0.005855,9.268e-05,0.0004025,391400.0,1.0,0.6182
finetune/logs/run_v2_20260814_012226/D_sql.seed13.train.log,D_sql,13,6,2.434e-05,0.0004822,8.882e-05,0.0002353,469600.0,1.0,0.7419
finetune/logs/run_v2_20260814_012226/D_sql.seed13.train.log,D_sql,13,7,2.124e-05,0.002173,8.428e-05,0.0002,547800.0,1.0,0.8655
finetune/logs/run_v2_20260814_012226/D_sql.seed13.train.log,D_sql,13,8,1.61e-05,0.000247,7.912e-05,0.0001669,626000.0,1.0,0.9892
finetune/logs/run_v2_20260814_012226/D_sql.seed13.train.log,D_sql,13,9,1.404e-05,0.000194,7.344e-05,0.0001542,703300.0,1.0,1.111
finetune/logs/run_v2_20260814_012226/D_sql.seed13.train.log,D_sql,13,10,1.592e-05,0.0003213,6.735e-05,0.00016,781500.0,1.0,1.235
finetune/logs/run_v2_20260814_012226/D_sql.seed13.train.log,D_sql,13,11,2.039e-05,0.0004291,6.094e-05,0.0001842,859700.0,1.0,1.359
finetune/logs/run_v2_20260814_012226/D_sql.seed13.train.log,D_sql,13,12,1.645e-05,0.0001417,5.434e-05,0.0001573,938000.0,1.0,1.482
finetune/logs/run_v2_20260814_012226/D_sql.seed13.train.log,D_sql,13,13,1.125e-05,0.0004975,4.766e-05,0.0001177,1016000.0,1.0,1.606
finetune/logs/run_v2_20260814_012226/D_sql.seed13.train.log,D_sql,13,14,8.939e-06,0.0001841,4.103e-05,0.0001004,1094000.0,1.0,1.73
finetune/logs/run_v2_20260814_012226/D_sql.seed13.train.log,D_sql,13,15,1.338e-05,0.0002708,3.455e-05,0.0001266,1173000.0,1.0,1.853
finetune/logs/run_v2_20260814_012226/D_sql.seed13.train.log,D_sql,13,16,1.961e-05,0.000137,2.835e-05,0.0001613,1251000.0,1.0,1.977
finetune/logs/run_v2_20260814_012226/D_sql.seed13.train.log,D_sql,13,17,8.573e-06,0.0003194,2.253e-05,9.873e-05,1328000.0,1.0,2.099
finetune/logs/run_v2_20260814_012226/D_sql.seed13.train.log,D_sql,13,18,1.143e-05,0.0003906,1.721e-05,0.0001221,1406000.0,1.0,2.223
finetune/logs/run_v2_20260814_012226/D_sql.seed13.train.log,D_sql,13,19,9.125e-06,9.504e-05,1.247e-05,0.0001005,1485000.0,1.0,2.346
finetune/logs/run_v2_20260814_012226/D_sql.seed13.train.log,D_sql,13,20,9.583e-06,0.0002383,8.403e-06,0.0001073,1563000.0,1.0,2.47
finetune/logs/run_v2_20260814_012226/D_sql.seed13.train.log,D_sql,13,21,8.024e-06,0.0001082,5.077e-06,8.876e-05,1641000.0,1.0,2.594
finetune/logs/run_v2_20260814_012226/D_sql.seed13.train.log,D_sql,13,22,8.458e-06,0.0002078,2.552e-06,8.733e-05,1719000.0,1.0,2.717
finetune/logs/run_v2_20260814_012226/D_sql.seed13.train.log,D_sql,13,23,1.011e-05,0.0002127,8.732e-07,0.000107,1798000.0,1.0,2.841
finetune/logs/run_v2_20260814_012226/D_sql.seed13.train.log,D_sql,13,24,1.148e-05,0.001051,7.147e-08,0.0001153,1876000.0,1.0,2.964
finetune/logs/run_v2_20260814_012228/A_cpt.seed29.train.log,A_cpt,29,1,2.568,1.36,7.3e-05,2.293,77630.0,0.5304,1.696
finetune/logs/run_v2_20260814_012228/A_cpt.seed29.train.log,A_cpt,29,2,1.061,0.5289,1.121e-05,1.086,153100.0,0.7864,3.348
finetune/logs/run_v2_20260814_012228/BD_facts_sql.seed29.train.log,BD_facts_sql,29,1,3.198,8.003,3.75e-05,0.378,27070.0,0.6698,0.0379
finetune/logs/run_v2_20260814_012228/BD_facts_sql.seed29.train.log,BD_facts_sql,29,2,0.7354,1.662,7.917e-05,0.5538,54100.0,0.8319,0.07579
finetune/logs/run_v2_20260814_012228/BD_facts_sql.seed29.train.log,BD_facts_sql,29,3,0.431,2.072,9.999e-05,0.4759,75840.0,0.8944,0.1137
finetune/logs/run_v2_20260814_012228/BD_facts_sql.seed29.train.log,BD_facts_sql,29,4,0.3063,0.5018,9.991e-05,0.3566,105600.0,0.9402,0.1516
finetune/logs/run_v2_20260814_012228/BD_facts_sql.seed29.train.log,BD_facts_sql,29,5,0.3265,0.4782,9.974e-05,0.3218,134400.0,0.9323,0.1895
finetune/logs/run_v2_20260814_012228/BD_facts_sql.seed29.train.log,BD_facts_sql,29,6,0.2546,0.77,9.949e-05,0.264,165900.0,0.936,0.2274
finetune/logs/run_v2_20260814_012228/BD_facts_sql.seed29.train.log,BD_facts_sql,29,7,0.2097,0.525,9.916e-05,0.2054,199200.0,0.9519,0.2653
finetune/logs/run_v2_20260814_012228/BD_facts_sql.seed29.train.log,BD_facts_sql,29,8,0.3201,0.4352,9.874e-05,0.2927,224400.0,0.9287,0.3032
finetune/logs/run_v2_20260814_012228/BD_facts_sql.seed29.train.log,BD_facts_sql,29,9,0.3218,0.4397,9.824e-05,0.3292,250600.0,0.9286,0.3411
finetune/logs/run_v2_20260814_012228/BD_facts_sql.seed29.train.log,BD_facts_sql,29,10,0.1879,0.602,9.767e-05,0.2319,276800.0,0.9452,0.379
finetune/logs/run_v2_20260814_012228/BD_facts_sql.seed29.train.log,BD_facts_sql,29,11,0.2101,0.353,9.701e-05,0.2169,300200.0,0.9488,0.4169
finetune/logs/run_v2_20260814_012228/BD_facts_sql.seed29.train.log,BD_facts_sql,29,12,0.2046,0.3997,9.627e-05,0.1769,324600.0,0.9571,0.4548
finetune/logs/run_v2_20260814_012228/BD_facts_sql.seed29.train.log,BD_facts_sql,29,13,0.2469,0.2004,9.546e-05,0.2669,357900.0,0.9396,0.4927
finetune/logs/run_v2_20260814_012228/BD_facts_sql.seed29.train.log,BD_facts_sql,29,14,0.1971,0.5301,9.457e-05,0.2732,379400.0,0.9467,0.5306
finetune/logs/run_v2_20260814_012228/BD_facts_sql.seed29.train.log,BD_facts_sql,29,15,0.3335,3.604,9.36e-05,0.3003,412800.0,0.9382,0.5685
finetune/logs/run_v2_20260814_012228/BD_facts_sql.seed29.train.log,BD_facts_sql,29,16,0.313,0.7648,9.257e-05,0.3289,442500.0,0.9349,0.6063
finetune/logs/run_v2_20260814_012228/BD_facts_sql.seed29.train.log,BD_facts_sql,29,17,0.1777,0.3432,9.146e-05,0.2023,468600.0,0.9554,0.6442
finetune/logs/run_v2_20260814_012228/BD_facts_sql.seed29.train.log,BD_facts_sql,29,18,0.27,0.6678,9.028e-05,0.2669,498300.0,0.9404,0.6821
finetune/logs/run_v2_20260814_012228/BD_facts_sql.seed29.train.log,BD_facts_sql,29,19,0.2064,0.6894,8.904e-05,0.2371,527100.0,0.9442,0.72
finetune/logs/run_v2_20260814_012228/BD_facts_sql.seed29.train.log,BD_facts_sql,29,20,0.1837,0.3506,8.773e-05,0.2112,558700.0,0.9472,0.7579
finetune/logs/run_v2_20260814_012228/BD_facts_sql.seed29.train.log,BD_facts_sql,29,21,0.2547,0.7661,8.635e-05,0.2488,588300.0,0.9487,0.7958
finetune/logs/run_v2_20260814_012228/BD_facts_sql.seed29.train.log,BD_facts_sql,29,22,0.2307,0.6592,8.492e-05,0.2318,621600.0,0.943,0.8337
finetune/logs/run_v2_20260814_012228/BD_facts_sql.seed29.train.log,BD_facts_sql,29,23,0.2042,0.5342,8.343e-05,0.2404,652200.0,0.9507,0.8716
finetune/logs/run_v2_20260814_012228/BD_facts_sql.seed29.train.log,BD_facts_sql,29,24,0.1853,0.4405,8.188e-05,0.1882,686400.0,0.9518,0.9095
finetune/logs/run_v2_20260814_012228/BD_facts_sql.seed29.train.log,BD_facts_sql,29,25,0.2019,1.89,8.028e-05,0.1858,716200.0,0.9486,0.9474
finetune/logs/run_v2_20260814_012228/BD_facts_sql.seed29.train.log,BD_facts_sql,29,26,0.2509,0.3422,7.862e-05,0.2648,741400.0,0.934,0.9853
finetune/logs/run_v2_20260814_012228/BD_facts_sql.seed29.train.log,BD_facts_sql,29,27,0.2522,0.2463,7.692e-05,0.236,769300.0,0.9439,1.023
finetune/logs/run_v2_20260814_012228/BD_facts_sql.seed29.train.log,BD_facts_sql,29,28,0.1216,0.3693,7.518e-05,0.1652,798200.0,0.9615,1.061
finetune/logs/run_v2_20260814_012228/BD_facts_sql.seed29.train.log,BD_facts_sql,29,29,0.2107,0.5892,7.339e-05,0.2564,822400.0,0.9434,1.099
finetune/logs/run_v2_20260814_012228/BD_facts_sql.seed29.train.log,BD_facts_sql,29,30,0.1388,0.4057,7.156e-05,0.1657,856500.0,0.9528,1.136
finetune/logs/run_v2_20260814_012228/BD_facts_sql.seed29.train.log,BD_facts_sql,29,31,0.1859,0.8972,6.97e-05,0.1974,883600.0,0.9487,1.174
finetune/logs/run_v2_20260814_012228/BD_facts_sql.seed29.train.log,BD_facts_sql,29,32,0.1628,0.2411,6.78e-05,0.1588,914200.0,0.9525,1.212
finetune/logs/run_v2_20260814_012228/BD_facts_sql.seed29.train.log,BD_facts_sql,29,33,0.2333,0.4389,6.588e-05,0.2225,943900.0,0.9511,1.25
finetune/logs/run_v2_20260814_012228/BD_facts_sql.seed29.train.log,BD_facts_sql,29,34,0.2755,0.2628,6.393e-05,0.2671,966300.0,0.9284,1.288
finetune/logs/run_v2_20260814_012228/BD_facts_sql.seed29.train.log,BD_facts_sql,29,35,0.1959,0.2147,6.195e-05,0.1871,994300.0,0.9494,1.326
finetune/logs/run_v2_20260814_012228/BD_facts_sql.seed29.train.log,BD_facts_sql,29,36,0.1422,0.3007,5.996e-05,0.1774,1023000.0,0.9542,1.364
finetune/logs/run_v2_20260814_012228/BD_facts_sql.seed29.train.log,BD_facts_sql,29,37,0.1989,0.2299,5.794e-05,0.2181,1051000.0,0.9449,1.402
finetune/logs/run_v2_20260814_012228/BD_facts_sql.seed29.train.log,BD_facts_sql,29,38,0.111,0.2922,5.592e-05,0.1233,1082000.0,0.965,1.44
finetune/logs/run_v2_20260814_012228/BD_facts_sql.seed29.train.log,BD_facts_sql,29,39,0.1564,0.2672,5.388e-05,0.1571,1107000.0,0.9606,1.477
finetune/logs/run_v2_20260814_012228/BD_facts_sql.seed29.train.log,BD_facts_sql,29,40,0.1481,0.1247,5.184e-05,0.1623,1130000.0,0.9599,1.515
finetune/logs/run_v2_20260814_012228/BD_facts_sql.seed29.train.log,BD_facts_sql,29,41,0.205,0.857,4.98e-05,0.2369,1152000.0,0.9425,1.553
finetune/logs/run_v2_20260814_012228/BD_facts_sql.seed29.train.log,BD_facts_sql,29,42,0.2155,0.4085,4.775e-05,0.2161,1172000.0,0.9438,1.591
finetune/logs/run_v2_20260814_012228/BD_facts_sql.seed29.train.log,BD_facts_sql,29,43,0.2018,0.4892,4.571e-05,0.2043,1198000.0,0.9472,1.629
finetune/logs/run_v2_20260814_012228/BD_facts_sql.seed29.train.log,BD_facts_sql,29,44,0.1156,0.08619,4.368e-05,0.1521,1228000.0,0.9653,1.667
finetune/logs/run_v2_20260814_012228/BD_facts_sql.seed29.train.log,BD_facts_sql,29,45,0.1391,0.4508,4.165e-05,0.1623,1261000.0,0.96,1.705
finetune/logs/run_v2_20260814_012228/BD_facts_sql.seed29.train.log,BD_facts_sql,29,46,0.1221,0.5002,3.964e-05,0.1489,1296000.0,0.9666,1.743
finetune/logs/run_v2_20260814_012228/BD_facts_sql.seed29.train.log,BD_facts_sql,29,47,0.1265,0.2371,3.765e-05,0.1675,1330000.0,0.9572,1.781
finetune/logs/run_v2_20260814_012228/BD_facts_sql.seed29.train.log,BD_facts_sql,29,48,0.1902,0.7302,3.568e-05,0.1941,1365000.0,0.9511,1.819
finetune/logs/run_v2_20260814_012228/BD_facts_sql.seed29.train.log,BD_facts_sql,29,49,0.1558,0.5088,3.373e-05,0.1663,1391000.0,0.9619,1.856
finetune/logs/run_v2_20260814_012228/BD_facts_sql.seed29.train.log,BD_facts_sql,29,50,0.2505,0.6838,3.181e-05,0.2106,1417000.0,0.9425,1.894
finetune/logs/run_v2_20260814_012228/BD_facts_sql.seed29.train.log,BD_facts_sql,29,51,0.1657,0.7573,2.993e-05,0.1947,1448000.0,0.9523,1.932
finetune/logs/run_v2_20260814_012228/BD_facts_sql.seed29.train.log,BD_facts_sql,29,52,0.1988,0.2421,2.807e-05,0.1953,1477000.0,0.9445,1.97
finetune/logs/run_v2_20260814_012228/BD_facts_sql.seed29.train.log,BD_facts_sql,29,53,0.1999,0.2415,2.625e-05,0.2131,1503000.0,0.9534,2.008
finetune/logs/run_v2_20260814_012228/BD_facts_sql.seed29.train.log,BD_facts_sql,29,54,0.1124,0.2769,2.447e-05,0.1559,1530000.0,0.9668,2.045
finetune/logs/run_v2_20260814_012228/BD_facts_sql.seed29.train.log,BD_facts_sql,29,55,0.1042,0.2394,2.273e-05,0.1545,1564000.0,0.9679,2.083
finetune/logs/run_v2_20260814_012228/BD_facts_sql.seed29.train.log,BD_facts_sql,29,56,0.1288,0.3601,2.104e-05,0.1464,1595000.0,0.9634,2.121
finetune/logs/run_v2_20260814_012228/BD_facts_sql.seed29.train.log,BD_facts_sql,29,57,0.1184,0.4304,1.94e-05,0.1369,1621000.0,0.9559,2.159
finetune/logs/run_v2_20260814_012228/BD_facts_sql.seed29.train.log,BD_facts_sql,29,58,0.1326,0.6448,1.781e-05,0.1465,1647000.0,0.9593,2.197
finetune/logs/run_v2_20260814_012228/BD_facts_sql.seed29.train.log,BD_facts_sql,29,59,0.07953,0.2321,1.627e-05,0.1081,1675000.0,0.9655,2.235
finetune/logs/run_v2_20260814_012228/BD_facts_sql.seed29.train.log,BD_facts_sql,29,60,0.109,0.399,1.479e-05,0.1342,1706000.0,0.959,2.273
finetune/logs/run_v2_20260814_012228/BD_facts_sql.seed29.train.log,BD_facts_sql,29,61,0.0949,0.1028,1.337e-05,0.1207,1737000.0,0.9651,2.311
finetune/logs/run_v2_20260814_012228/BD_facts_sql.seed29.train.log,BD_facts_sql,29,62,0.1322,0.1839,1.201e-05,0.1471,1765000.0,0.9618,2.349
finetune/logs/run_v2_20260814_012228/BD_facts_sql.seed29.train.log,BD_facts_sql,29,63,0.1373,1.884,1.071e-05,0.1515,1790000.0,0.9511,2.387
finetune/logs/run_v2_20260814_012228/BD_facts_sql.seed29.train.log,BD_facts_sql,29,64,0.1298,0.6842,9.477e-06,0.1479,1820000.0,0.9612,2.424
finetune/logs/run_v2_20260814_012228/BD_facts_sql.seed29.train.log,BD_facts_sql,29,65,0.1267,0.9245,8.313e-06,0.1521,1840000.0,0.9568,2.462
finetune/logs/run_v2_20260814_012228/BD_facts_sql.seed29.train.log,BD_facts_sql,29,66,0.08478,0.6965,7.219e-06,0.1003,1868000.0,0.9723,2.5
finetune/logs/run_v2_20260814_012228/BD_facts_sql.seed29.train.log,BD_facts_sql,29,67,0.07702,0.6557,6.196e-06,0.1053,1898000.0,0.9703,2.538
finetune/logs/run_v2_20260814_012228/BD_facts_sql.seed29.train.log,BD_facts_sql,29,68,0.11,1.595,5.247e-06,0.1134,1933000.0,0.9664,2.576
finetune/logs/run_v2_20260814_012228/BD_facts_sql.seed29.train.log,BD_facts_sql,29,69,0.1064,0.7234,4.373e-06,0.1199,1964000.0,0.96,2.614
finetune/logs/run_v2_20260814_012228/BD_facts_sql.seed29.train.log,BD_facts_sql,29,70,0.1471,0.8865,3.575e-06,0.1507,1989000.0,0.9579,2.652
finetune/logs/run_v2_20260814_012228/BD_facts_sql.seed29.train.log,BD_facts_sql,29,71,0.104,1.389,2.854e-06,0.1321,2017000.0,0.9628,2.69
finetune/logs/run_v2_20260814_012228/BD_facts_sql.seed29.train.log,BD_facts_sql,29,72,0.08491,1.08,2.213e-06,0.105,2045000.0,0.9713,2.728
finetune/logs/run_v2_20260814_012228/BD_facts_sql.seed29.train.log,BD_facts_sql,29,73,0.1237,0.5756,1.651e-06,0.1498,2074000.0,0.9636,2.766
finetune/logs/run_v2_20260814_012228/BD_facts_sql.seed29.train.log,BD_facts_sql,29,74,0.1375,0.5033,1.17e-06,0.1563,2101000.0,0.9617,2.803
finetune/logs/run_v2_20260814_012228/BD_facts_sql.seed29.train.log,BD_facts_sql,29,75,0.1711,0.8432,7.715e-07,0.1831,2126000.0,0.9515,2.841
finetune/logs/run_v2_20260814_012228/BD_facts_sql.seed29.train.log,BD_facts_sql,29,76,0.158,2.181,4.549e-07,0.1727,2155000.0,0.9564,2.879
finetune/logs/run_v2_20260814_012228/BD_facts_sql.seed29.train.log,BD_facts_sql,29,77,0.1003,0.6169,2.211e-07,0.09865,2188000.0,0.9713,2.917
finetune/logs/run_v2_20260814_012228/BD_facts_sql.seed29.train.log,BD_facts_sql,29,78,0.1062,0.786,7.068e-08,0.1422,2212000.0,0.9667,2.955
finetune/logs/run_v2_20260814_012228/BD_facts_sql.seed29.train.log,BD_facts_sql,29,79,0.0839,0.2125,3.765e-09,0.1055,2244000.0,0.9706,2.993
finetune/logs/run_v2_20260814_012228/C_answers.seed29.train.log,C_answers,29,1,4.601,2.461,0.0001,1.135,7078.0,0.513,0.1236
finetune/logs/run_v2_20260814_012228/C_answers.seed29.train.log,C_answers,29,2,1.197,1.243,9.946e-05,1.104,14380.0,0.7883,0.2473
finetune/logs/run_v2_20260814_012228/C_answers.seed29.train.log,C_answers,29,3,0.9024,1.342,9.804e-05,0.6296,21510.0,0.8664,0.3709
finetune/logs/run_v2_20260814_012228/C_answers.seed29.train.log,C_answers,29,4,0.8278,1.755,9.577e-05,0.6283,28830.0,0.8619,0.4946
finetune/logs/run_v2_20260814_012228/C_answers.seed29.train.log,C_answers,29,5,0.6268,2.478,9.268e-05,0.4944,35880.0,0.875,0.6182
finetune/logs/run_v2_20260814_012228/C_answers.seed29.train.log,C_answers,29,6,0.5649,1.559,8.882e-05,0.5009,43110.0,0.8821,0.7419
finetune/logs/run_v2_20260814_012228/C_answers.seed29.train.log,C_answers,29,7,0.5065,0.7071,8.428e-05,0.3682,50140.0,0.8979,0.8655
finetune/logs/run_v2_20260814_012228/C_answers.seed29.train.log,C_answers,29,8,0.4681,1.255,7.912e-05,0.4531,56930.0,0.8991,0.9892
finetune/logs/run_v2_20260814_012228/C_answers.seed29.train.log,C_answers,29,9,0.4126,1.229,7.344e-05,0.3889,63950.0,0.9043,1.111
finetune/logs/run_v2_20260814_012228/C_answers.seed29.train.log,C_answers,29,10,0.424,1.26,6.735e-05,0.3606,71120.0,0.9094,1.235
finetune/logs/run_v2_20260814_012228/C_answers.seed29.train.log,C_answers,29,11,0.3861,1.062,6.094e-05,0.3448,78190.0,0.9092,1.359
finetune/logs/run_v2_20260814_012228/C_answers.seed29.train.log,C_answers,29,12,0.3737,1.042,5.434e-05,0.3251,85060.0,0.9169,1.482
finetune/logs/run_v2_20260814_012228/C_answers.seed29.train.log,C_answers,29,13,0.3953,1.063,4.766e-05,0.3463,92060.0,0.9132,1.606
finetune/logs/run_v2_20260814_012228/C_answers.seed29.train.log,C_answers,29,14,0.3261,1.366,4.103e-05,0.2966,99170.0,0.9239,1.73
finetune/logs/run_v2_20260814_012228/C_answers.seed29.train.log,C_answers,29,15,0.3183,1.02,3.455e-05,0.3105,106100.0,0.9162,1.853
finetune/logs/run_v2_20260814_012228/C_answers.seed29.train.log,C_answers,29,16,0.3223,0.8742,2.835e-05,0.2656,113500.0,0.9266,1.977
finetune/logs/run_v2_20260814_012228/C_answers.seed29.train.log,C_answers,29,17,0.2722,0.9508,2.253e-05,0.2835,120900.0,0.9249,2.099
finetune/logs/run_v2_20260814_012228/C_answers.seed29.train.log,C_answers,29,18,0.2718,1.922,1.721e-05,0.273,128200.0,0.9222,2.223
finetune/logs/run_v2_20260814_012228/C_answers.seed29.train.log,C_answers,29,19,0.2354,1.954,1.247e-05,0.227,135000.0,0.932,2.346
finetune/logs/run_v2_20260814_012228/C_answers.seed29.train.log,C_answers,29,20,0.2581,1.471,8.403e-06,0.2425,142400.0,0.9285,2.47
finetune/logs/run_v2_20260814_012228/C_answers.seed29.train.log,C_answers,29,21,0.2582,1.065,5.077e-06,0.2403,149800.0,0.9377,2.594
finetune/logs/run_v2_20260814_012228/C_answers.seed29.train.log,C_answers,29,22,0.2267,1.85,2.552e-06,0.2241,156700.0,0.9434,2.717
finetune/logs/run_v2_20260814_012228/C_answers.seed29.train.log,C_answers,29,23,0.2073,0.195,8.732e-07,0.2047,163800.0,0.9478,2.841
finetune/logs/run_v2_20260814_012228/C_answers.seed29.train.log,C_answers,29,24,0.2312,1.636,7.147e-08,0.2229,170700.0,0.9331,2.964
finetune/logs/run_v2_20260814_012228/D_sql.seed29.train.log,D_sql,29,1,0.51,0.7158,0.0001,0.06682,78270.0,0.9177,0.1236
finetune/logs/run_v2_20260814_012228/D_sql.seed29.train.log,D_sql,29,2,0.03368,0.1608,9.946e-05,0.03657,156500.0,0.9908,0.2473
finetune/logs/run_v2_20260814_012228/D_sql.seed29.train.log,D_sql,29,3,0.00455,0.02809,9.804e-05,0.01087,235000.0,0.9993,0.3709
finetune/logs/run_v2_20260814_012228/D_sql.seed29.train.log,D_sql,29,4,0.000393,0.03313,9.577e-05,0.00191,313100.0,1.0,0.4946
finetune/logs/run_v2_20260814_012228/D_sql.seed29.train.log,D_sql,29,5,5.352e-05,0.0005039,9.268e-05,0.0003967,391400.0,1.0,0.6182
finetune/logs/run_v2_20260814_012228/D_sql.seed29.train.log,D_sql,29,6,2.693e-05,0.0003396,8.882e-05,0.0002311,469600.0,1.0,0.7419
finetune/logs/run_v2_20260814_012228/D_sql.seed29.train.log,D_sql,29,7,2.689e-05,0.0003169,8.428e-05,0.0002267,547700.0,1.0,0.8655
finetune/logs/run_v2_20260814_012228/D_sql.seed29.train.log,D_sql,29,8,1.624e-05,0.0002492,7.912e-05,0.0001538,626000.0,1.0,0.9892
finetune/logs/run_v2_20260814_012228/D_sql.seed29.train.log,D_sql,29,9,8.735e-06,0.0001756,7.344e-05,8.903e-05,703100.0,1.0,1.111
finetune/logs/run_v2_20260814_012228/D_sql.seed29.train.log,D_sql,29,10,8.948e-06,0.0001855,6.735e-05,8.98e-05,781400.0,1.0,1.235
finetune/logs/run_v2_20260814_012228/D_sql.seed29.train.log,D_sql,29,11,1.037e-05,9.399e-05,6.094e-05,9.962e-05,859700.0,1.0,1.359
finetune/logs/run_v2_20260814_012228/D_sql.seed29.train.log,D_sql,29,12,9.868e-06,0.0005311,5.434e-05,0.0001045,937800.0,1.0,1.482
finetune/logs/run_v2_20260814_012228/D_sql.seed29.train.log,D_sql,29,13,1.194e-05,0.0003068,4.766e-05,0.0001151,1016000.0,1.0,1.606
finetune/logs/run_v2_20260814_012228/D_sql.seed29.train.log,D_sql,29,14,1.39e-05,0.001137,4.103e-05,0.0001301,1094000.0,1.0,1.73
finetune/logs/run_v2_20260814_012228/D_sql.seed29.train.log,D_sql,29,15,0.0001579,0.0001297,3.455e-05,0.0004975,1173000.0,1.0,1.853
finetune/logs/run_v2_20260814_012228/D_sql.seed29.train.log,D_sql,29,16,6.829e-06,7.474e-05,2.835e-05,7.819e-05,1251000.0,1.0,1.977
finetune/logs/run_v2_20260814_012228/D_sql.seed29.train.log,D_sql,29,17,6.948e-06,9.867e-05,2.253e-05,7.502e-05,1328000.0,1.0,2.099
finetune/logs/run_v2_20260814_012228/D_sql.seed29.train.log,D_sql,29,18,9.488e-06,0.0001354,1.721e-05,9.794e-05,1407000.0,1.0,2.223
finetune/logs/run_v2_20260814_012228/D_sql.seed29.train.log,D_sql,29,19,9.145e-06,0.0003063,1.247e-05,9.637e-05,1485000.0,1.0,2.346
finetune/logs/run_v2_20260814_012228/D_sql.seed29.train.log,D_sql,29,20,1.004e-05,0.0003806,8.403e-06,9.82e-05,1563000.0,1.0,2.47
finetune/logs/run_v2_20260814_012228/D_sql.seed29.train.log,D_sql,29,21,5.735e-06,0.0001361,5.077e-06,6.62e-05,1641000.0,1.0,2.594
finetune/logs/run_v2_20260814_012228/D_sql.seed29.train.log,D_sql,29,22,9.3e-06,0.0001331,2.552e-06,9.612e-05,1719000.0,1.0,2.717
finetune/logs/run_v2_20260814_012228/D_sql.seed29.train.log,D_sql,29,23,5.655e-06,0.0002146,8.732e-07,6.605e-05,1798000.0,1.0,2.841
finetune/logs/run_v2_20260814_012228/D_sql.seed29.train.log,D_sql,29,24,9.003e-06,0.000193,7.147e-08,8.841e-05,1876000.0,1.0,2.964
finetune/logs/run_v2_20260814_012229/A_cpt.seed47.train.log,A_cpt,47,1,2.571,1.558,7.3e-05,2.285,77550.0,0.531,1.696
finetune/logs/run_v2_20260814_012229/A_cpt.seed47.train.log,A_cpt,47,2,1.006,0.6247,1.121e-05,1.046,153100.0,0.7948,3.348
finetune/logs/run_v2_20260814_012229/BD_facts_sql.seed47.train.log,BD_facts_sql,47,1,2.742,8.172,3.75e-05,0.2899,36110.0,0.7058,0.0379
finetune/logs/run_v2_20260814_012229/BD_facts_sql.seed47.train.log,BD_facts_sql,47,2,0.7162,0.6805,7.917e-05,0.5289,64920.0,0.8523,0.07579
finetune/logs/run_v2_20260814_012229/BD_facts_sql.seed47.train.log,BD_facts_sql,47,3,0.4424,1.271,9.999e-05,0.4666,91830.0,0.9106,0.1137
finetune/logs/run_v2_20260814_012229/BD_facts_sql.seed47.train.log,BD_facts_sql,47,4,0.2855,0.5513,9.991e-05,0.3357,120600.0,0.9299,0.1516
finetune/logs/run_v2_20260814_012229/BD_facts_sql.seed47.train.log,BD_facts_sql,47,5,0.3216,1.032,9.974e-05,0.3037,149400.0,0.9266,0.1895
finetune/logs/run_v2_20260814_012229/BD_facts_sql.seed47.train.log,BD_facts_sql,47,6,0.3576,0.5588,9.949e-05,0.3096,175600.0,0.9301,0.2274
finetune/logs/run_v2_20260814_012229/BD_facts_sql.seed47.train.log,BD_facts_sql,47,7,0.2447,0.9705,9.916e-05,0.2922,206200.0,0.9424,0.2653
finetune/logs/run_v2_20260814_012229/BD_facts_sql.seed47.train.log,BD_facts_sql,47,8,0.2275,0.4874,9.874e-05,0.2546,234000.0,0.9406,0.3032
finetune/logs/run_v2_20260814_012229/BD_facts_sql.seed47.train.log,BD_facts_sql,47,9,0.2673,0.5577,9.824e-05,0.2423,261000.0,0.9354,0.3411
finetune/logs/run_v2_20260814_012229/BD_facts_sql.seed47.train.log,BD_facts_sql,47,10,0.281,0.1522,9.767e-05,0.3214,287200.0,0.9328,0.379
finetune/logs/run_v2_20260814_012229/BD_facts_sql.seed47.train.log,BD_facts_sql,47,11,0.3277,0.3785,9.701e-05,0.2946,314100.0,0.9434,0.4169
finetune/logs/run_v2_20260814_012229/BD_facts_sql.seed47.train.log,BD_facts_sql,47,12,0.2442,0.2528,9.627e-05,0.2265,346700.0,0.9505,0.4548
finetune/logs/run_v2_20260814_012229/BD_facts_sql.seed47.train.log,BD_facts_sql,47,13,0.2461,0.6174,9.546e-05,0.2733,366600.0,0.9412,0.4927
finetune/logs/run_v2_20260814_012229/BD_facts_sql.seed47.train.log,BD_facts_sql,47,14,0.2903,0.481,9.457e-05,0.2579,395300.0,0.9367,0.5306
finetune/logs/run_v2_20260814_012229/BD_facts_sql.seed47.train.log,BD_facts_sql,47,15,0.2427,0.6986,9.36e-05,0.2753,420500.0,0.9423,0.5685
finetune/logs/run_v2_20260814_012229/BD_facts_sql.seed47.train.log,BD_facts_sql,47,16,0.2081,0.6073,9.257e-05,0.2282,447500.0,0.9447,0.6063
finetune/logs/run_v2_20260814_012229/BD_facts_sql.seed47.train.log,BD_facts_sql,47,17,0.1408,0.2695,9.146e-05,0.1721,472700.0,0.9578,0.6442
finetune/logs/run_v2_20260814_012229/BD_facts_sql.seed47.train.log,BD_facts_sql,47,18,0.2826,0.4761,9.028e-05,0.2842,498900.0,0.9339,0.6821
finetune/logs/run_v2_20260814_012229/BD_facts_sql.seed47.train.log,BD_facts_sql,47,19,0.2923,0.2762,8.904e-05,0.296,531400.0,0.935,0.72
finetune/logs/run_v2_20260814_012229/BD_facts_sql.seed47.train.log,BD_facts_sql,47,20,0.185,0.307,8.773e-05,0.2032,556600.0,0.9452,0.7579
finetune/logs/run_v2_20260814_012229/BD_facts_sql.seed47.train.log,BD_facts_sql,47,21,0.183,0.5364,8.635e-05,0.1833,586200.0,0.9531,0.7958
finetune/logs/run_v2_20260814_012229/BD_facts_sql.seed47.train.log,BD_facts_sql,47,22,0.2101,0.4461,8.492e-05,0.2141,613400.0,0.9476,0.8337
finetune/logs/run_v2_20260814_012229/BD_facts_sql.seed47.train.log,BD_facts_sql,47,23,0.2461,0.2644,8.343e-05,0.2481,639600.0,0.9485,0.8716
finetune/logs/run_v2_20260814_012229/BD_facts_sql.seed47.train.log,BD_facts_sql,47,24,0.1887,0.3068,8.188e-05,0.1817,674000.0,0.9475,0.9095
finetune/logs/run_v2_20260814_012229/BD_facts_sql.seed47.train.log,BD_facts_sql,47,25,0.1984,0.2608,8.028e-05,0.2326,707300.0,0.946,0.9474
finetune/logs/run_v2_20260814_012229/BD_facts_sql.seed47.train.log,BD_facts_sql,47,26,0.1778,0.5486,7.862e-05,0.1975,735300.0,0.958,0.9853
finetune/logs/run_v2_20260814_012229/BD_facts_sql.seed47.train.log,BD_facts_sql,47,27,0.1564,0.2626,7.692e-05,0.1838,767500.0,0.9524,1.023
finetune/logs/run_v2_20260814_012229/BD_facts_sql.seed47.train.log,BD_facts_sql,47,28,0.1989,0.7175,7.518e-05,0.1855,798100.0,0.9511,1.061
finetune/logs/run_v2_20260814_012229/BD_facts_sql.seed47.train.log,BD_facts_sql,47,29,0.1738,0.3885,7.339e-05,0.2064,827700.0,0.9523,1.099
finetune/logs/run_v2_20260814_012229/BD_facts_sql.seed47.train.log,BD_facts_sql,47,30,0.2032,0.1648,7.156e-05,0.1968,854800.0,0.9434,1.136
finetune/logs/run_v2_20260814_012229/BD_facts_sql.seed47.train.log,BD_facts_sql,47,31,0.3062,0.8704,6.97e-05,0.2852,884600.0,0.9301,1.174
finetune/logs/run_v2_20260814_012229/BD_facts_sql.seed47.train.log,BD_facts_sql,47,32,0.1825,0.3332,6.78e-05,0.2194,908900.0,0.9434,1.212
finetune/logs/run_v2_20260814_012229/BD_facts_sql.seed47.train.log,BD_facts_sql,47,33,0.1195,0.442,6.588e-05,0.1219,942200.0,0.9668,1.25
finetune/logs/run_v2_20260814_012229/BD_facts_sql.seed47.train.log,BD_facts_sql,47,34,0.21,0.1473,6.393e-05,0.1919,966500.0,0.9413,1.288
finetune/logs/run_v2_20260814_012229/BD_facts_sql.seed47.train.log,BD_facts_sql,47,35,0.1794,0.2674,6.195e-05,0.1647,999100.0,0.9613,1.326
finetune/logs/run_v2_20260814_012229/BD_facts_sql.seed47.train.log,BD_facts_sql,47,36,0.1859,0.1503,5.996e-05,0.1967,1023000.0,0.9534,1.364
finetune/logs/run_v2_20260814_012229/BD_facts_sql.seed47.train.log,BD_facts_sql,47,37,0.1775,0.4819,5.794e-05,0.1996,1050000.0,0.9499,1.402
finetune/logs/run_v2_20260814_012229/BD_facts_sql.seed47.train.log,BD_facts_sql,47,38,0.1841,0.445,5.592e-05,0.216,1077000.0,0.9508,1.44
finetune/logs/run_v2_20260814_012229/BD_facts_sql.seed47.train.log,BD_facts_sql,47,39,0.1541,0.6166,5.388e-05,0.1845,1107000.0,0.9585,1.477
finetune/logs/run_v2_20260814_012229/BD_facts_sql.seed47.train.log,BD_facts_sql,47,40,0.1028,0.1947,5.184e-05,0.1387,1135000.0,0.9674,1.515
finetune/logs/run_v2_20260814_012229/BD_facts_sql.seed47.train.log,BD_facts_sql,47,41,0.2003,0.3598,4.98e-05,0.1941,1160000.0,0.9492,1.553
finetune/logs/run_v2_20260814_012229/BD_facts_sql.seed47.train.log,BD_facts_sql,47,42,0.1541,0.5151,4.775e-05,0.1542,1193000.0,0.9549,1.591
finetune/logs/run_v2_20260814_012229/BD_facts_sql.seed47.train.log,BD_facts_sql,47,43,0.1201,0.3805,4.571e-05,0.1504,1229000.0,0.9694,1.629
finetune/logs/run_v2_20260814_012229/BD_facts_sql.seed47.train.log,BD_facts_sql,47,44,0.1694,0.177,4.368e-05,0.1805,1254000.0,0.9476,1.667
finetune/logs/run_v2_20260814_012229/BD_facts_sql.seed47.train.log,BD_facts_sql,47,45,0.1836,0.7694,4.165e-05,0.1858,1285000.0,0.9488,1.705
finetune/logs/run_v2_20260814_012229/BD_facts_sql.seed47.train.log,BD_facts_sql,47,46,0.1808,0.6865,3.964e-05,0.2008,1305000.0,0.9455,1.743
finetune/logs/run_v2_20260814_012229/BD_facts_sql.seed47.train.log,BD_facts_sql,47,47,0.1578,0.5844,3.765e-05,0.1784,1334000.0,0.9564,1.781
finetune/logs/run_v2_20260814_012229/BD_facts_sql.seed47.train.log,BD_facts_sql,47,48,0.1473,0.184,3.568e-05,0.1763,1357000.0,0.955,1.819
finetune/logs/run_v2_20260814_012229/BD_facts_sql.seed47.train.log,BD_facts_sql,47,49,0.1802,0.5539,3.373e-05,0.2021,1383000.0,0.9472,1.856
finetune/logs/run_v2_20260814_012229/BD_facts_sql.seed47.train.log,BD_facts_sql,47,50,0.1745,0.5219,3.181e-05,0.1724,1414000.0,0.9539,1.894
finetune/logs/run_v2_20260814_012229/BD_facts_sql.seed47.train.log,BD_facts_sql,47,51,0.1157,0.2794,2.993e-05,0.1454,1446000.0,0.9606,1.932
finetune/logs/run_v2_20260814_012229/BD_facts_sql.seed47.train.log,BD_facts_sql,47,52,0.1966,0.3632,2.807e-05,0.1857,1475000.0,0.9515,1.97
finetune/logs/run_v2_20260814_012229/BD_facts_sql.seed47.train.log,BD_facts_sql,47,53,0.1275,0.3994,2.625e-05,0.1327,1506000.0,0.9667,2.008
finetune/logs/run_v2_20260814_012229/BD_facts_sql.seed47.train.log,BD_facts_sql,47,54,0.0926,0.1753,2.447e-05,0.1326,1535000.0,0.9667,2.045
finetune/logs/run_v2_20260814_012229/BD_facts_sql.seed47.train.log,BD_facts_sql,47,55,0.1632,1.721,2.273e-05,0.1935,1562000.0,0.9566,2.083
finetune/logs/run_v2_20260814_012229/BD_facts_sql.seed47.train.log,BD_facts_sql,47,56,0.1479,0.3205,2.104e-05,0.1888,1587000.0,0.9548,2.121
finetune/logs/run_v2_20260814_012229/BD_facts_sql.seed47.train.log,BD_facts_sql,47,57,0.1263,0.3812,1.94e-05,0.1831,1617000.0,0.9583,2.159
finetune/logs/run_v2_20260814_012229/BD_facts_sql.seed47.train.log,BD_facts_sql,47,58,0.1123,1.267,1.781e-05,0.1346,1643000.0,0.959,2.197
finetune/logs/run_v2_20260814_012229/BD_facts_sql.seed47.train.log,BD_facts_sql,47,59,0.09798,0.3398,1.627e-05,0.1158,1673000.0,0.9646,2.235
finetune/logs/run_v2_20260814_012229/BD_facts_sql.seed47.train.log,BD_facts_sql,47,60,0.1181,0.1543,1.479e-05,0.1443,1702000.0,0.9601,2.273
finetune/logs/run_v2_20260814_012229/BD_facts_sql.seed47.train.log,BD_facts_sql,47,61,0.09662,0.2468,1.337e-05,0.1025,1734000.0,0.9699,2.311
finetune/logs/run_v2_20260814_012229/BD_facts_sql.seed47.train.log,BD_facts_sql,47,62,0.1681,0.5361,1.201e-05,0.1534,1759000.0,0.9577,2.349
finetune/logs/run_v2_20260814_012229/BD_facts_sql.seed47.train.log,BD_facts_sql,47,63,0.1282,0.2895,1.071e-05,0.143,1784000.0,0.9609,2.387
finetune/logs/run_v2_20260814_012229/BD_facts_sql.seed47.train.log,BD_facts_sql,47,64,0.09027,0.358,9.477e-06,0.1057,1816000.0,0.9668,2.424
finetune/logs/run_v2_20260814_012229/BD_facts_sql.seed47.train.log,BD_facts_sql,47,65,0.1044,0.4326,8.313e-06,0.1043,1850000.0,0.9624,2.462
finetune/logs/run_v2_20260814_012229/BD_facts_sql.seed47.train.log,BD_facts_sql,47,66,0.07357,0.2089,7.219e-06,0.1035,1886000.0,0.9759,2.5
finetune/logs/run_v2_20260814_012229/BD_facts_sql.seed47.train.log,BD_facts_sql,47,67,0.1113,0.3993,6.196e-06,0.1155,1913000.0,0.9698,2.538
finetune/logs/run_v2_20260814_012229/BD_facts_sql.seed47.train.log,BD_facts_sql,47,68,0.1039,0.2952,5.247e-06,0.1234,1942000.0,0.9653,2.576
finetune/logs/run_v2_20260814_012229/BD_facts_sql.seed47.train.log,BD_facts_sql,47,69,0.08982,0.4434,4.373e-06,0.1297,1976000.0,0.9631,2.614
finetune/logs/run_v2_20260814_012229/BD_facts_sql.seed47.train.log,BD_facts_sql,47,70,0.1039,0.1694,3.575e-06,0.1299,2008000.0,0.9704,2.652
finetune/logs/run_v2_20260814_012229/BD_facts_sql.seed47.train.log,BD_facts_sql,47,71,0.1021,2.058,2.854e-06,0.1002,2034000.0,0.9699,2.69
finetune/logs/run_v2_20260814_012229/BD_facts_sql.seed47.train.log,BD_facts_sql,47,72,0.1246,0.3395,2.213e-06,0.1403,2059000.0,0.9573,2.728
finetune/logs/run_v2_20260814_012229/BD_facts_sql.seed47.train.log,BD_facts_sql,47,73,0.0702,0.8223,1.651e-06,0.08674,2090000.0,0.9733,2.766
finetune/logs/run_v2_20260814_012229/BD_facts_sql.seed47.train.log,BD_facts_sql,47,74,0.08407,0.8909,1.17e-06,0.1176,2120000.0,0.9706,2.803
finetune/logs/run_v2_20260814_012229/BD_facts_sql.seed47.train.log,BD_facts_sql,47,75,0.1241,0.5607,7.715e-07,0.1248,2140000.0,0.9586,2.841
finetune/logs/run_v2_20260814_012229/BD_facts_sql.seed47.train.log,BD_facts_sql,47,76,0.1193,0.4183,4.549e-07,0.1445,2166000.0,0.9621,2.879
finetune/logs/run_v2_20260814_012229/BD_facts_sql.seed47.train.log,BD_facts_sql,47,77,0.11,0.943,2.211e-07,0.1227,2193000.0,0.9708,2.917
finetune/logs/run_v2_20260814_012229/BD_facts_sql.seed47.train.log,BD_facts_sql,47,78,0.08854,1.139,7.068e-08,0.1152,2219000.0,0.9716,2.955
finetune/logs/run_v2_20260814_012229/BD_facts_sql.seed47.train.log,BD_facts_sql,47,79,0.1126,0.7619,3.765e-09,0.1114,2244000.0,0.9626,2.993
finetune/logs/run_v2_20260814_012229/C_answers.seed47.train.log,C_answers,47,1,4.396,3.905,0.0001,0.9773,6906.0,0.5302,0.1236
finetune/logs/run_v2_20260814_012229/C_answers.seed47.train.log,C_answers,47,2,1.395,1.268,9.946e-05,1.255,14150.0,0.7567,0.2473
finetune/logs/run_v2_20260814_012229/C_answers.seed47.train.log,C_answers,47,3,0.8538,1.536,9.804e-05,0.7189,21060.0,0.8472,0.3709
finetune/logs/run_v2_20260814_012229/C_answers.seed47.train.log,C_answers,47,4,0.6904,2.357,9.577e-05,0.4921,28210.0,0.8952,0.4946
finetune/logs/run_v2_20260814_012229/C_answers.seed47.train.log,C_answers,47,5,0.4621,0.6908,9.268e-05,0.4252,34850.0,0.9058,0.6182
finetune/logs/run_v2_20260814_012229/C_answers.seed47.train.log,C_answers,47,6,0.6805,0.9575,8.882e-05,0.5516,42360.0,0.874,0.7419
finetune/logs/run_v2_20260814_012229/C_answers.seed47.train.log,C_answers,47,7,0.5861,1.446,8.428e-05,0.4883,49840.0,0.8694,0.8655
finetune/logs/run_v2_20260814_012229/C_answers.seed47.train.log,C_answers,47,8,0.4805,1.644,7.912e-05,0.3871,56970.0,0.8961,0.9892
finetune/logs/run_v2_20260814_012229/C_answers.seed47.train.log,C_answers,47,9,0.4127,0.5091,7.344e-05,0.386,63690.0,0.9105,1.111
finetune/logs/run_v2_20260814_012229/C_answers.seed47.train.log,C_answers,47,10,0.417,0.9433,6.735e-05,0.3831,70760.0,0.9042,1.235
finetune/logs/run_v2_20260814_012229/C_answers.seed47.train.log,C_answers,47,11,0.3633,2.08,6.094e-05,0.3254,77930.0,0.9266,1.359
finetune/logs/run_v2_20260814_012229/C_answers.seed47.train.log,C_answers,47,12,0.3796,0.8851,5.434e-05,0.3302,85500.0,0.8993,1.482
finetune/logs/run_v2_20260814_012229/C_answers.seed47.train.log,C_answers,47,13,0.3236,1.53,4.766e-05,0.3041,92520.0,0.9224,1.606
finetune/logs/run_v2_20260814_012229/C_answers.seed47.train.log,C_answers,47,14,0.3731,1.061,4.103e-05,0.3036,99470.0,0.9105,1.73
finetune/logs/run_v2_20260814_012229/C_answers.seed47.train.log,C_answers,47,15,0.3391,1.18,3.455e-05,0.3185,106800.0,0.9196,1.853
finetune/logs/run_v2_20260814_012229/C_answers.seed47.train.log,C_answers,47,16,0.3051,0.9131,2.835e-05,0.2894,113800.0,0.9324,1.977
finetune/logs/run_v2_20260814_012229/C_answers.seed47.train.log,C_answers,47,17,0.3012,0.9269,2.253e-05,0.3189,120800.0,0.9313,2.099
finetune/logs/run_v2_20260814_012229/C_answers.seed47.train.log,C_answers,47,18,0.2662,1.597,1.721e-05,0.2618,127700.0,0.9281,2.223
finetune/logs/run_v2_20260814_012229/C_answers.seed47.train.log,C_answers,47,19,0.2266,1.701,1.247e-05,0.211,134900.0,0.9423,2.346
finetune/logs/run_v2_20260814_012229/C_answers.seed47.train.log,C_answers,47,20,0.2767,1.986,8.403e-06,0.236,142300.0,0.9284,2.47
finetune/logs/run_v2_20260814_012229/C_answers.seed47.train.log,C_answers,47,21,0.2492,1.51,5.077e-06,0.2488,149100.0,0.939,2.594
finetune/logs/run_v2_20260814_012229/C_answers.seed47.train.log,C_answers,47,22,0.2479,1.398,2.552e-06,0.2389,156700.0,0.9311,2.717
finetune/logs/run_v2_20260814_012229/C_answers.seed47.train.log,C_answers,47,23,0.1906,1.699,8.732e-07,0.2036,163500.0,0.9488,2.841
finetune/logs/run_v2_20260814_012229/C_answers.seed47.train.log,C_answers,47,24,0.232,2.296,7.147e-08,0.2231,170500.0,0.9373,2.964
finetune/logs/run_v2_20260814_012229/D_sql.seed47.train.log,D_sql,47,1,0.5488,0.3923,0.0001,0.0722,78310.0,0.9105,0.1236
finetune/logs/run_v2_20260814_012229/D_sql.seed47.train.log,D_sql,47,2,0.02264,0.01999,9.946e-05,0.04679,156500.0,0.9946,0.2473
finetune/logs/run_v2_20260814_012229/D_sql.seed47.train.log,D_sql,47,3,0.001853,0.02238,9.804e-05,0.006849,235000.0,1.0,0.3709
finetune/logs/run_v2_20260814_012229/D_sql.seed47.train.log,D_sql,47,4,0.0001902,0.003116,9.577e-05,0.001123,313200.0,1.0,0.4946
finetune/logs/run_v2_20260814_012229/D_sql.seed47.train.log,D_sql,47,5,8.482e-05,0.004302,9.268e-05,0.0005836,391200.0,1.0,0.6182
finetune/logs/run_v2_20260814_012229/D_sql.seed47.train.log,D_sql,47,6,0.0003215,0.001881,8.882e-05,0.0008742,469400.0,1.0,0.7419
finetune/logs/run_v2_20260814_012229/D_sql.seed47.train.log,D_sql,47,7,4.618e-05,0.002023,8.428e-05,0.0003449,547700.0,1.0,0.8655
finetune/logs/run_v2_20260814_012229/D_sql.seed47.train.log,D_sql,47,8,4.97e-05,0.0002475,7.912e-05,0.000374,626000.0,1.0,0.9892
finetune/logs/run_v2_20260814_012229/D_sql.seed47.train.log,D_sql,47,9,2.653e-05,0.0001481,7.344e-05,0.000232,703100.0,1.0,1.111
finetune/logs/run_v2_20260814_012229/D_sql.seed47.train.log,D_sql,47,10,4.497e-05,0.0001345,6.735e-05,0.0002916,781500.0,1.0,1.235
finetune/logs/run_v2_20260814_012229/D_sql.seed47.train.log,D_sql,47,11,1.801e-05,0.0005206,6.094e-05,0.0001701,859600.0,1.0,1.359
finetune/logs/run_v2_20260814_012229/D_sql.seed47.train.log,D_sql,47,12,1.669e-05,0.001408,5.434e-05,0.0001564,937900.0,1.0,1.482
finetune/logs/run_v2_20260814_012229/D_sql.seed47.train.log,D_sql,47,13,1.852e-05,0.0001982,4.766e-05,0.0001733,1016000.0,1.0,1.606
finetune/logs/run_v2_20260814_012229/D_sql.seed47.train.log,D_sql,47,14,1.336e-05,0.0006004,4.103e-05,0.0001274,1094000.0,1.0,1.73
finetune/logs/run_v2_20260814_012229/D_sql.seed47.train.log,D_sql,47,15,1.541e-05,0.001343,3.455e-05,0.0001452,1173000.0,1.0,1.853
finetune/logs/run_v2_20260814_012229/D_sql.seed47.train.log,D_sql,47,16,1.944e-05,0.0003002,2.835e-05,0.0001854,1251000.0,1.0,1.977
finetune/logs/run_v2_20260814_012229/D_sql.seed47.train.log,D_sql,47,17,1.026e-05,8.569e-05,2.253e-05,0.0001077,1328000.0,1.0,2.099
finetune/logs/run_v2_20260814_012229/D_sql.seed47.train.log,D_sql,47,18,1.239e-05,0.0004415,1.721e-05,0.0001206,1406000.0,1.0,2.223
finetune/logs/run_v2_20260814_012229/D_sql.seed47.train.log,D_sql,47,19,1.555e-05,0.0001886,1.247e-05,0.0001543,1485000.0,1.0,2.346
finetune/logs/run_v2_20260814_012229/D_sql.seed47.train.log,D_sql,47,20,1.25e-05,0.0002215,8.403e-06,0.0001171,1563000.0,1.0,2.47
finetune/logs/run_v2_20260814_012229/D_sql.seed47.train.log,D_sql,47,21,1.076e-05,0.0001765,5.077e-06,0.0001089,1641000.0,1.0,2.594
finetune/logs/run_v2_20260814_012229/D_sql.seed47.train.log,D_sql,47,22,1.233e-05,0.0002932,2.552e-06,0.0001246,1719000.0,1.0,2.717
finetune/logs/run_v2_20260814_012229/D_sql.seed47.train.log,D_sql,47,23,2.069e-05,0.0002713,8.732e-07,0.0001827,1798000.0,1.0,2.841
finetune/logs/run_v2_20260814_012229/D_sql.seed47.train.log,D_sql,47,24,1.028e-05,0.0001516,7.147e-08,0.0001101,1876000.0,1.0,2.964
finetune/logs/run_v2_20260814_012231/A_cpt.seed61.train.log,A_cpt,61,1,2.548,1.51,7.3e-05,2.281,77500.0,0.535,1.696
finetune/logs/run_v2_20260814_012231/A_cpt.seed61.train.log,A_cpt,61,2,1.033,0.4869,1.121e-05,1.072,152900.0,0.7926,3.348
finetune/logs/run_v2_20260814_012231/BD_facts_sql.seed61.train.log,BD_facts_sql,61,1,3.29,6.721,3.75e-05,0.3518,27070.0,0.6714,0.0379
finetune/logs/run_v2_20260814_012231/BD_facts_sql.seed61.train.log,BD_facts_sql,61,2,0.7314,0.9024,7.917e-05,0.5378,55830.0,0.8378,0.07579
finetune/logs/run_v2_20260814_012231/BD_facts_sql.seed61.train.log,BD_facts_sql,61,3,0.2656,0.8038,9.999e-05,0.3216,85540.0,0.9333,0.1137
finetune/logs/run_v2_20260814_012231/BD_facts_sql.seed61.train.log,BD_facts_sql,61,4,0.2767,0.5302,9.991e-05,0.2972,110900.0,0.9349,0.1516
finetune/logs/run_v2_20260814_012231/BD_facts_sql.seed61.train.log,BD_facts_sql,61,5,0.1797,0.4766,9.974e-05,0.1868,143200.0,0.9505,0.1895
finetune/logs/run_v2_20260814_012231/BD_facts_sql.seed61.train.log,BD_facts_sql,61,6,0.2762,0.3817,9.949e-05,0.2996,170300.0,0.9345,0.2274
finetune/logs/run_v2_20260814_012231/BD_facts_sql.seed61.train.log,BD_facts_sql,61,7,0.2963,0.2735,9.916e-05,0.3186,199000.0,0.9313,0.2653
finetune/logs/run_v2_20260814_012231/BD_facts_sql.seed61.train.log,BD_facts_sql,61,8,0.2524,0.2088,9.874e-05,0.2315,232200.0,0.95,0.3032
finetune/logs/run_v2_20260814_012231/BD_facts_sql.seed61.train.log,BD_facts_sql,61,9,0.216,0.4081,9.824e-05,0.2415,263800.0,0.9516,0.3411
finetune/logs/run_v2_20260814_012231/BD_facts_sql.seed61.train.log,BD_facts_sql,61,10,0.2257,0.4743,9.767e-05,0.2187,296200.0,0.9484,0.379
finetune/logs/run_v2_20260814_012231/BD_facts_sql.seed61.train.log,BD_facts_sql,61,11,0.2969,0.3528,9.701e-05,0.2311,326100.0,0.9384,0.4169
finetune/logs/run_v2_20260814_012231/BD_facts_sql.seed61.train.log,BD_facts_sql,61,12,0.2635,0.559,9.627e-05,0.3196,355900.0,0.9329,0.4548
finetune/logs/run_v2_20260814_012231/BD_facts_sql.seed61.train.log,BD_facts_sql,61,13,0.1837,0.3471,9.546e-05,0.2154,386500.0,0.9502,0.4927
finetune/logs/run_v2_20260814_012231/BD_facts_sql.seed61.train.log,BD_facts_sql,61,14,0.2148,0.317,9.457e-05,0.2251,418000.0,0.9459,0.5306
finetune/logs/run_v2_20260814_012231/BD_facts_sql.seed61.train.log,BD_facts_sql,61,15,0.3518,0.5827,9.36e-05,0.3377,444200.0,0.9263,0.5685
finetune/logs/run_v2_20260814_012231/BD_facts_sql.seed61.train.log,BD_facts_sql,61,16,0.2911,0.1687,9.257e-05,0.2657,474800.0,0.9444,0.6063
finetune/logs/run_v2_20260814_012231/BD_facts_sql.seed61.train.log,BD_facts_sql,61,17,0.2136,0.4273,9.146e-05,0.2276,503600.0,0.9443,0.6442
finetune/logs/run_v2_20260814_012231/BD_facts_sql.seed61.train.log,BD_facts_sql,61,18,0.1597,0.1673,9.028e-05,0.1938,535000.0,0.9547,0.6821
finetune/logs/run_v2_20260814_012231/BD_facts_sql.seed61.train.log,BD_facts_sql,61,19,0.1958,0.9273,8.904e-05,0.1592,561300.0,0.9567,0.72
finetune/logs/run_v2_20260814_012231/BD_facts_sql.seed61.train.log,BD_facts_sql,61,20,0.2596,0.3575,8.773e-05,0.3052,579200.0,0.9276,0.7579
finetune/logs/run_v2_20260814_012231/BD_facts_sql.seed61.train.log,BD_facts_sql,61,21,0.2403,0.4549,8.635e-05,0.2632,602600.0,0.9383,0.7958
finetune/logs/run_v2_20260814_012231/BD_facts_sql.seed61.train.log,BD_facts_sql,61,22,0.2426,0.7417,8.492e-05,0.2379,629700.0,0.9416,0.8337
finetune/logs/run_v2_20260814_012231/BD_facts_sql.seed61.train.log,BD_facts_sql,61,23,0.236,0.6087,8.343e-05,0.2288,656800.0,0.9465,0.8716
finetune/logs/run_v2_20260814_012231/BD_facts_sql.seed61.train.log,BD_facts_sql,61,24,0.1998,0.4585,8.188e-05,0.2466,688200.0,0.9423,0.9095
finetune/logs/run_v2_20260814_012231/BD_facts_sql.seed61.train.log,BD_facts_sql,61,25,0.2039,0.1688,8.028e-05,0.2085,713500.0,0.948,0.9474
finetune/logs/run_v2_20260814_012231/BD_facts_sql.seed61.train.log,BD_facts_sql,61,26,0.3741,0.7648,7.862e-05,0.314,738700.0,0.9255,0.9853
finetune/logs/run_v2_20260814_012231/BD_facts_sql.seed61.train.log,BD_facts_sql,61,27,0.2336,0.5693,7.692e-05,0.2657,761300.0,0.9415,1.023
finetune/logs/run_v2_20260814_012231/BD_facts_sql.seed61.train.log,BD_facts_sql,61,28,0.1523,0.5008,7.518e-05,0.2015,789100.0,0.9545,1.061
finetune/logs/run_v2_20260814_012231/BD_facts_sql.seed61.train.log,BD_facts_sql,61,29,0.2221,0.1687,7.339e-05,0.2086,817000.0,0.9528,1.099
finetune/logs/run_v2_20260814_012231/BD_facts_sql.seed61.train.log,BD_facts_sql,61,30,0.191,0.4267,7.156e-05,0.2086,843200.0,0.9437,1.136
finetune/logs/run_v2_20260814_012231/BD_facts_sql.seed61.train.log,BD_facts_sql,61,31,0.1592,0.2713,6.97e-05,0.1901,868300.0,0.9475,1.174
finetune/logs/run_v2_20260814_012231/BD_facts_sql.seed61.train.log,BD_facts_sql,61,32,0.1118,0.2008,6.78e-05,0.125,896200.0,0.9614,1.212
finetune/logs/run_v2_20260814_012231/BD_facts_sql.seed61.train.log,BD_facts_sql,61,33,0.09197,0.2382,6.588e-05,0.1079,926800.0,0.9663,1.25
finetune/logs/run_v2_20260814_012231/BD_facts_sql.seed61.train.log,BD_facts_sql,61,34,0.1381,0.1843,6.393e-05,0.1817,962100.0,0.9587,1.288
finetune/logs/run_v2_20260814_012231/BD_facts_sql.seed61.train.log,BD_facts_sql,61,35,0.163,0.3593,6.195e-05,0.1727,991700.0,0.9563,1.326
finetune/logs/run_v2_20260814_012231/BD_facts_sql.seed61.train.log,BD_facts_sql,61,36,0.1751,0.3374,5.996e-05,0.1879,1019000.0,0.9496,1.364
finetune/logs/run_v2_20260814_012231/BD_facts_sql.seed61.train.log,BD_facts_sql,61,37,0.1558,0.416,5.794e-05,0.1366,1048000.0,0.9531,1.402
finetune/logs/run_v2_20260814_012231/BD_facts_sql.seed61.train.log,BD_facts_sql,61,38,0.1735,0.2032,5.592e-05,0.191,1085000.0,0.9507,1.44
finetune/logs/run_v2_20260814_012231/BD_facts_sql.seed61.train.log,BD_facts_sql,61,39,0.1468,0.4191,5.388e-05,0.1709,1108000.0,0.9547,1.477
finetune/logs/run_v2_20260814_012231/BD_facts_sql.seed61.train.log,BD_facts_sql,61,40,0.0988,0.27,5.184e-05,0.1303,1140000.0,0.9648,1.515
finetune/logs/run_v2_20260814_012231/BD_facts_sql.seed61.train.log,BD_facts_sql,61,41,0.2539,1.165,4.98e-05,0.2334,1169000.0,0.9408,1.553
finetune/logs/run_v2_20260814_012231/BD_facts_sql.seed61.train.log,BD_facts_sql,61,42,0.2021,0.3649,4.775e-05,0.1874,1196000.0,0.9492,1.591
finetune/logs/run_v2_20260814_012231/BD_facts_sql.seed61.train.log,BD_facts_sql,61,43,0.1704,0.748,4.571e-05,0.2036,1225000.0,0.9525,1.629
finetune/logs/run_v2_20260814_012231/BD_facts_sql.seed61.train.log,BD_facts_sql,61,44,0.198,0.7865,4.368e-05,0.2225,1255000.0,0.9488,1.667
finetune/logs/run_v2_20260814_012231/BD_facts_sql.seed61.train.log,BD_facts_sql,61,45,0.2129,0.8654,4.165e-05,0.1689,1289000.0,0.9539,1.705
finetune/logs/run_v2_20260814_012231/BD_facts_sql.seed61.train.log,BD_facts_sql,61,46,0.2058,0.1669,3.964e-05,0.1946,1316000.0,0.9523,1.743
finetune/logs/run_v2_20260814_012231/BD_facts_sql.seed61.train.log,BD_facts_sql,61,47,0.2183,0.7076,3.765e-05,0.2204,1339000.0,0.9447,1.781
finetune/logs/run_v2_20260814_012231/BD_facts_sql.seed61.train.log,BD_facts_sql,61,48,0.1976,0.1344,3.568e-05,0.1923,1365000.0,0.9487,1.819
finetune/logs/run_v2_20260814_012231/BD_facts_sql.seed61.train.log,BD_facts_sql,61,49,0.1194,0.4653,3.373e-05,0.1557,1394000.0,0.9604,1.856
finetune/logs/run_v2_20260814_012231/BD_facts_sql.seed61.train.log,BD_facts_sql,61,50,0.1448,0.4277,3.181e-05,0.1683,1426000.0,0.9571,1.894
finetune/logs/run_v2_20260814_012231/BD_facts_sql.seed61.train.log,BD_facts_sql,61,51,0.1982,0.6344,2.993e-05,0.2103,1449000.0,0.9518,1.932
finetune/logs/run_v2_20260814_012231/BD_facts_sql.seed61.train.log,BD_facts_sql,61,52,0.203,0.1699,2.807e-05,0.1945,1477000.0,0.9434,1.97
finetune/logs/run_v2_20260814_012231/BD_facts_sql.seed61.train.log,BD_facts_sql,61,53,0.1619,0.2701,2.625e-05,0.1845,1505000.0,0.9524,2.008
finetune/logs/run_v2_20260814_012231/BD_facts_sql.seed61.train.log,BD_facts_sql,61,54,0.07584,0.6571,2.447e-05,0.117,1536000.0,0.9704,2.045
finetune/logs/run_v2_20260814_012231/BD_facts_sql.seed61.train.log,BD_facts_sql,61,55,0.1289,0.5614,2.273e-05,0.1614,1564000.0,0.9566,2.083
finetune/logs/run_v2_20260814_012231/BD_facts_sql.seed61.train.log,BD_facts_sql,61,56,0.08123,0.6534,2.104e-05,0.1263,1592000.0,0.9712,2.121
finetune/logs/run_v2_20260814_012231/BD_facts_sql.seed61.train.log,BD_facts_sql,61,57,0.06205,0.09196,1.94e-05,0.08279,1631000.0,0.9709,2.159
finetune/logs/run_v2_20260814_012231/BD_facts_sql.seed61.train.log,BD_facts_sql,61,58,0.08874,1.05,1.781e-05,0.1174,1655000.0,0.973,2.197
finetune/logs/run_v2_20260814_012231/BD_facts_sql.seed61.train.log,BD_facts_sql,61,59,0.1466,1.116,1.627e-05,0.1498,1686000.0,0.9513,2.235
finetune/logs/run_v2_20260814_012231/BD_facts_sql.seed61.train.log,BD_facts_sql,61,60,0.1011,0.03578,1.479e-05,0.114,1722000.0,0.9656,2.273
finetune/logs/run_v2_20260814_012231/BD_facts_sql.seed61.train.log,BD_facts_sql,61,61,0.0866,1.148,1.337e-05,0.1033,1751000.0,0.9708,2.311
finetune/logs/run_v2_20260814_012231/BD_facts_sql.seed61.train.log,BD_facts_sql,61,62,0.07062,0.2626,1.201e-05,0.08861,1787000.0,0.975,2.349
finetune/logs/run_v2_20260814_012231/BD_facts_sql.seed61.train.log,BD_facts_sql,61,63,0.08904,0.3244,1.071e-05,0.1214,1816000.0,0.9663,2.387
finetune/logs/run_v2_20260814_012231/BD_facts_sql.seed61.train.log,BD_facts_sql,61,64,0.1886,1.239,9.477e-06,0.1593,1839000.0,0.9489,2.424
finetune/logs/run_v2_20260814_012231/BD_facts_sql.seed61.train.log,BD_facts_sql,61,65,0.1519,0.4214,8.313e-06,0.16,1861000.0,0.9567,2.462
finetune/logs/run_v2_20260814_012231/BD_facts_sql.seed61.train.log,BD_facts_sql,61,66,0.1124,0.2135,7.219e-06,0.1571,1887000.0,0.9621,2.5
finetune/logs/run_v2_20260814_012231/BD_facts_sql.seed61.train.log,BD_facts_sql,61,67,0.139,0.3085,6.196e-06,0.1582,1909000.0,0.9588,2.538
finetune/logs/run_v2_20260814_012231/BD_facts_sql.seed61.train.log,BD_facts_sql,61,68,0.1328,0.7456,5.247e-06,0.1413,1943000.0,0.9598,2.576
finetune/logs/run_v2_20260814_012231/BD_facts_sql.seed61.train.log,BD_facts_sql,61,69,0.1387,0.4589,4.373e-06,0.1317,1967000.0,0.9593,2.614
finetune/logs/run_v2_20260814_012231/BD_facts_sql.seed61.train.log,BD_facts_sql,61,70,0.1223,0.4901,3.575e-06,0.1406,1995000.0,0.9572,2.652
finetune/logs/run_v2_20260814_012231/BD_facts_sql.seed61.train.log,BD_facts_sql,61,71,0.1178,0.1148,2.854e-06,0.1163,2023000.0,0.9626,2.69
finetune/logs/run_v2_20260814_012231/BD_facts_sql.seed61.train.log,BD_facts_sql,61,72,0.1064,0.7865,2.213e-06,0.1336,2051000.0,0.9654,2.728
finetune/logs/run_v2_20260814_012231/BD_facts_sql.seed61.train.log,BD_facts_sql,61,73,0.1137,0.3158,1.651e-06,0.1375,2077000.0,0.9627,2.766
finetune/logs/run_v2_20260814_012231/BD_facts_sql.seed61.train.log,BD_facts_sql,61,74,0.1192,0.2309,1.17e-06,0.1364,2103000.0,0.9646,2.803
finetune/logs/run_v2_20260814_012231/BD_facts_sql.seed61.train.log,BD_facts_sql,61,75,0.1019,0.7249,7.715e-07,0.1213,2133000.0,0.9643,2.841
finetune/logs/run_v2_20260814_012231/BD_facts_sql.seed61.train.log,BD_facts_sql,61,76,0.1417,0.4232,4.549e-07,0.1404,2159000.0,0.961,2.879
finetune/logs/run_v2_20260814_012231/BD_facts_sql.seed61.train.log,BD_facts_sql,61,77,0.1228,0.9483,2.211e-07,0.134,2193000.0,0.9583,2.917
finetune/logs/run_v2_20260814_012231/BD_facts_sql.seed61.train.log,BD_facts_sql,61,78,0.1031,0.9098,7.068e-08,0.1233,2220000.0,0.9642,2.955
finetune/logs/run_v2_20260814_012231/BD_facts_sql.seed61.train.log,BD_facts_sql,61,79,0.1233,0.2642,3.765e-09,0.1406,2240000.0,0.9609,2.993
finetune/logs/run_v2_20260814_012231/C_answers.seed61.train.log,C_answers,61,1,4.339,2.262,0.0001,0.97,6842.0,0.5286,0.1236
finetune/logs/run_v2_20260814_012231/C_answers.seed61.train.log,C_answers,61,2,1.367,1.187,9.946e-05,1.148,14260.0,0.7862,0.2473
finetune/logs/run_v2_20260814_012231/C_answers.seed61.train.log,C_answers,61,3,0.8924,2.236,9.804e-05,0.6641,21670.0,0.8605,0.3709
finetune/logs/run_v2_20260814_012231/C_answers.seed61.train.log,C_answers,61,4,0.7091,1.34,9.577e-05,0.6281,28610.0,0.8635,0.4946
finetune/logs/run_v2_20260814_012231/C_answers.seed61.train.log,C_answers,61,5,0.5671,1.179,9.268e-05,0.4677,35810.0,0.8916,0.6182
finetune/logs/run_v2_20260814_012231/C_answers.seed61.train.log,C_answers,61,6,0.6947,1.324,8.882e-05,0.5394,43180.0,0.866,0.7419
finetune/logs/run_v2_20260814_012231/C_answers.seed61.train.log,C_answers,61,7,0.4513,0.839,8.428e-05,0.4394,49940.0,0.9002,0.8655
finetune/logs/run_v2_20260814_012231/C_answers.seed61.train.log,C_answers,61,8,0.4789,1.715,7.912e-05,0.3927,56980.0,0.8953,0.9892
finetune/logs/run_v2_20260814_012231/C_answers.seed61.train.log,C_answers,61,9,0.3974,1.792,7.344e-05,0.3408,64180.0,0.9088,1.111
finetune/logs/run_v2_20260814_012231/C_answers.seed61.train.log,C_answers,61,10,0.4662,0.9452,6.735e-05,0.4297,71620.0,0.8959,1.235
finetune/logs/run_v2_20260814_012231/C_answers.seed61.train.log,C_answers,61,11,0.3655,0.9716,6.094e-05,0.3268,78520.0,0.9133,1.359
finetune/logs/run_v2_20260814_012231/C_answers.seed61.train.log,C_answers,61,12,0.313,1.115,5.434e-05,0.2866,85550.0,0.9247,1.482
finetune/logs/run_v2_20260814_012231/C_answers.seed61.train.log,C_answers,61,13,0.3668,1.193,4.766e-05,0.315,92580.0,0.9057,1.606
finetune/logs/run_v2_20260814_012231/C_answers.seed61.train.log,C_answers,61,14,0.3213,0.9315,4.103e-05,0.297,99700.0,0.9222,1.73
finetune/logs/run_v2_20260814_012231/C_answers.seed61.train.log,C_answers,61,15,0.3373,2.199,3.455e-05,0.3064,106400.0,0.9231,1.853
finetune/logs/run_v2_20260814_012231/C_answers.seed61.train.log,C_answers,61,16,0.3437,0.9935,2.835e-05,0.2904,113700.0,0.9275,1.977
finetune/logs/run_v2_20260814_012231/C_answers.seed61.train.log,C_answers,61,17,0.2492,0.826,2.253e-05,0.2636,120800.0,0.9331,2.099
finetune/logs/run_v2_20260814_012231/C_answers.seed61.train.log,C_answers,61,18,0.2561,1.441,1.721e-05,0.285,127500.0,0.9306,2.223
finetune/logs/run_v2_20260814_012231/C_answers.seed61.train.log,C_answers,61,19,0.222,0.9519,1.247e-05,0.218,134400.0,0.9387,2.346
finetune/logs/run_v2_20260814_012231/C_answers.seed61.train.log,C_answers,61,20,0.2579,2.119,8.403e-06,0.243,141400.0,0.9237,2.47
finetune/logs/run_v2_20260814_012231/C_answers.seed61.train.log,C_answers,61,21,0.2169,1.154,5.077e-06,0.2145,148500.0,0.9444,2.594
finetune/logs/run_v2_20260814_012231/C_answers.seed61.train.log,C_answers,61,22,0.2505,1.925,2.552e-06,0.2378,155900.0,0.9338,2.717
finetune/logs/run_v2_20260814_012231/C_answers.seed61.train.log,C_answers,61,23,0.2519,1.158,8.732e-07,0.2139,163500.0,0.9408,2.841
finetune/logs/run_v2_20260814_012231/C_answers.seed61.train.log,C_answers,61,24,0.2003,1.274,7.147e-08,0.203,170600.0,0.9515,2.964
finetune/logs/run_v2_20260814_012231/D_sql.seed61.train.log,D_sql,61,1,0.4841,0.4871,0.0001,0.06453,78190.0,0.9266,0.1236
finetune/logs/run_v2_20260814_012231/D_sql.seed61.train.log,D_sql,61,2,0.02105,0.0565,9.946e-05,0.03514,156500.0,0.9938,0.2473
finetune/logs/run_v2_20260814_012231/D_sql.seed61.train.log,D_sql,61,3,0.0007119,0.008871,9.804e-05,0.003882,234900.0,1.0,0.3709
finetune/logs/run_v2_20260814_012231/D_sql.seed61.train.log,D_sql,61,4,0.0001234,0.001984,9.577e-05,0.0009365,313300.0,1.0,0.4946
finetune/logs/run_v2_20260814_012231/D_sql.seed61.train.log,D_sql,61,5,0.0001384,0.00302,9.268e-05,0.0007826,391600.0,1.0,0.6182
finetune/logs/run_v2_20260814_012231/D_sql.seed61.train.log,D_sql,61,6,0.0001228,0.001461,8.882e-05,0.0006316,469700.0,1.0,0.7419
finetune/logs/run_v2_20260814_012231/D_sql.seed61.train.log,D_sql,61,7,3.172e-05,0.0005328,8.428e-05,0.0002467,547800.0,1.0,0.8655
finetune/logs/run_v2_20260814_012231/D_sql.seed61.train.log,D_sql,61,8,2.154e-05,0.000417,7.912e-05,0.0002035,626000.0,1.0,0.9892
finetune/logs/run_v2_20260814_012231/D_sql.seed61.train.log,D_sql,61,9,1.977e-05,0.0002357,7.344e-05,0.0001782,703300.0,1.0,1.111
finetune/logs/run_v2_20260814_012231/D_sql.seed61.train.log,D_sql,61,10,1.241e-05,0.0005331,6.735e-05,0.0001285,781700.0,1.0,1.235
finetune/logs/run_v2_20260814_012231/D_sql.seed61.train.log,D_sql,61,11,1.469e-05,0.0008042,6.094e-05,0.0001448,859900.0,1.0,1.359
finetune/logs/run_v2_20260814_012231/D_sql.seed61.train.log,D_sql,61,12,1.422e-05,0.0003026,5.434e-05,0.0001383,938200.0,1.0,1.482
finetune/logs/run_v2_20260814_012231/D_sql.seed61.train.log,D_sql,61,13,1.084e-05,0.000209,4.766e-05,0.0001128,1016000.0,1.0,1.606
finetune/logs/run_v2_20260814_012231/D_sql.seed61.train.log,D_sql,61,14,1.126e-05,0.00044,4.103e-05,0.0001152,1095000.0,1.0,1.73
finetune/logs/run_v2_20260814_012231/D_sql.seed61.train.log,D_sql,61,15,1.011e-05,0.0001833,3.455e-05,0.0001088,1173000.0,1.0,1.853
finetune/logs/run_v2_20260814_012231/D_sql.seed61.train.log,D_sql,61,16,4.371e-05,0.0001415,2.835e-05,0.0002552,1251000.0,1.0,1.977
finetune/logs/run_v2_20260814_012231/D_sql.seed61.train.log,D_sql,61,17,9.633e-06,0.0003127,2.253e-05,0.0001024,1328000.0,1.0,2.099
finetune/logs/run_v2_20260814_012231/D_sql.seed61.train.log,D_sql,61,18,1.114e-05,0.0002142,1.721e-05,0.0001126,1406000.0,1.0,2.223
finetune/logs/run_v2_20260814_012231/D_sql.seed61.train.log,D_sql,61,19,9.187e-06,0.000379,1.247e-05,9.897e-05,1484000.0,1.0,2.346
finetune/logs/run_v2_20260814_012231/D_sql.seed61.train.log,D_sql,61,20,1.067e-05,0.0002897,8.403e-06,0.0001108,1563000.0,1.0,2.47
finetune/logs/run_v2_20260814_012231/D_sql.seed61.train.log,D_sql,61,21,8.011e-06,0.0002796,5.077e-06,8.773e-05,1641000.0,1.0,2.594
finetune/logs/run_v2_20260814_012231/D_sql.seed61.train.log,D_sql,61,22,6.846e-06,0.0001781,2.552e-06,7.92e-05,1719000.0,1.0,2.717
finetune/logs/run_v2_20260814_012231/D_sql.seed61.train.log,D_sql,61,23,1.117e-05,0.0003604,8.732e-07,0.0001149,1798000.0,1.0,2.841
finetune/logs/run_v2_20260814_012231/D_sql.seed61.train.log,D_sql,61,24,1.422e-05,7.94e-05,7.147e-08,0.0001296,1876000.0,1.0,2.964
finetune/logs/run_v2_20260814_061157/A_cpt.seed79.train.log,A_cpt,79,1,2.583,1.437,7.3e-05,2.303,77440.0,0.5295,1.696
finetune/logs/run_v2_20260814_061157/A_cpt.seed79.train.log,A_cpt,79,2,1.045,0.4399,1.121e-05,1.075,153000.0,0.7906,3.348
finetune/logs/run_v2_20260814_061157/BD_facts_sql.seed79.train.log,BD_facts_sql,79,1,3.386,8.526,3.75e-05,0.3581,27020.0,0.6608,0.0379
finetune/logs/run_v2_20260814_061157/BD_facts_sql.seed79.train.log,BD_facts_sql,79,2,0.8283,1.151,7.917e-05,0.5673,53940.0,0.8345,0.07579
finetune/logs/run_v2_20260814_061157/BD_facts_sql.seed79.train.log,BD_facts_sql,79,3,0.4367,0.5844,9.999e-05,0.4912,82960.0,0.9013,0.1137
finetune/logs/run_v2_20260814_061157/BD_facts_sql.seed79.train.log,BD_facts_sql,79,4,0.2747,0.798,9.991e-05,0.2692,111800.0,0.9479,0.1516
finetune/logs/run_v2_20260814_061157/BD_facts_sql.seed79.train.log,BD_facts_sql,79,5,0.2259,0.2839,9.974e-05,0.2333,143300.0,0.9448,0.1895
finetune/logs/run_v2_20260814_061157/BD_facts_sql.seed79.train.log,BD_facts_sql,79,6,0.2716,0.9443,9.949e-05,0.3444,172200.0,0.9363,0.2274
finetune/logs/run_v2_20260814_061157/BD_facts_sql.seed79.train.log,BD_facts_sql,79,7,0.2353,0.4416,9.916e-05,0.2635,201100.0,0.9392,0.2653
finetune/logs/run_v2_20260814_061157/BD_facts_sql.seed79.train.log,BD_facts_sql,79,8,0.146,0.375,9.874e-05,0.156,230700.0,0.9585,0.3032
finetune/logs/run_v2_20260814_061157/BD_facts_sql.seed79.train.log,BD_facts_sql,79,9,0.1751,0.1374,9.824e-05,0.2111,261300.0,0.9555,0.3411
finetune/logs/run_v2_20260814_061157/BD_facts_sql.seed79.train.log,BD_facts_sql,79,10,0.2206,0.5814,9.767e-05,0.2731,292000.0,0.9447,0.379
finetune/logs/run_v2_20260814_061157/BD_facts_sql.seed79.train.log,BD_facts_sql,79,11,0.2031,0.6845,9.701e-05,0.2379,318200.0,0.9461,0.4169
finetune/logs/run_v2_20260814_061157/BD_facts_sql.seed79.train.log,BD_facts_sql,79,12,0.3376,0.6842,9.627e-05,0.2706,346200.0,0.9216,0.4548
finetune/logs/run_v2_20260814_061157/BD_facts_sql.seed79.train.log,BD_facts_sql,79,13,0.2377,0.6901,9.546e-05,0.2391,373000.0,0.9384,0.4927
finetune/logs/run_v2_20260814_061157/BD_facts_sql.seed79.train.log,BD_facts_sql,79,14,0.2307,0.432,9.457e-05,0.2743,401800.0,0.9446,0.5306
finetune/logs/run_v2_20260814_061157/BD_facts_sql.seed79.train.log,BD_facts_sql,79,15,0.2384,0.3546,9.36e-05,0.2165,426200.0,0.9466,0.5685
finetune/logs/run_v2_20260814_061157/BD_facts_sql.seed79.train.log,BD_facts_sql,79,16,0.2719,0.6085,9.257e-05,0.2646,452300.0,0.9323,0.6063
finetune/logs/run_v2_20260814_061157/BD_facts_sql.seed79.train.log,BD_facts_sql,79,17,0.1732,0.479,9.146e-05,0.1699,482900.0,0.9503,0.6442
finetune/logs/run_v2_20260814_061157/BD_facts_sql.seed79.train.log,BD_facts_sql,79,18,0.3298,0.2853,9.028e-05,0.2926,511600.0,0.9374,0.6821
finetune/logs/run_v2_20260814_061157/BD_facts_sql.seed79.train.log,BD_facts_sql,79,19,0.2847,0.4175,8.904e-05,0.3233,540400.0,0.9367,0.72
finetune/logs/run_v2_20260814_061157/BD_facts_sql.seed79.train.log,BD_facts_sql,79,20,0.209,0.5564,8.773e-05,0.2345,568300.0,0.9502,0.7579
finetune/logs/run_v2_20260814_061157/BD_facts_sql.seed79.train.log,BD_facts_sql,79,21,0.225,0.2288,8.635e-05,0.2148,601600.0,0.9457,0.7958
finetune/logs/run_v2_20260814_061157/BD_facts_sql.seed79.train.log,BD_facts_sql,79,22,0.2629,0.1135,8.492e-05,0.2699,627000.0,0.9425,0.8337
finetune/logs/run_v2_20260814_061157/BD_facts_sql.seed79.train.log,BD_facts_sql,79,23,0.1786,0.4375,8.343e-05,0.1958,650400.0,0.9592,0.8716
finetune/logs/run_v2_20260814_061157/BD_facts_sql.seed79.train.log,BD_facts_sql,79,24,0.3125,0.7613,8.188e-05,0.2677,678300.0,0.935,0.9095
finetune/logs/run_v2_20260814_061157/BD_facts_sql.seed79.train.log,BD_facts_sql,79,25,0.256,0.2566,8.028e-05,0.2833,710000.0,0.9371,0.9474
finetune/logs/run_v2_20260814_061157/BD_facts_sql.seed79.train.log,BD_facts_sql,79,26,0.2494,0.2099,7.862e-05,0.2631,738800.0,0.9392,0.9853
finetune/logs/run_v2_20260814_061157/BD_facts_sql.seed79.train.log,BD_facts_sql,79,27,0.2563,0.509,7.692e-05,0.2823,763900.0,0.933,1.023
finetune/logs/run_v2_20260814_061157/BD_facts_sql.seed79.train.log,BD_facts_sql,79,28,0.1279,0.2097,7.518e-05,0.1674,792500.0,0.9631,1.061
finetune/logs/run_v2_20260814_061157/BD_facts_sql.seed79.train.log,BD_facts_sql,79,29,0.1548,0.6677,7.339e-05,0.1743,824000.0,0.9592,1.099
finetune/logs/run_v2_20260814_061157/BD_facts_sql.seed79.train.log,BD_facts_sql,79,30,0.1562,0.5435,7.156e-05,0.1707,855600.0,0.959,1.136
finetune/logs/run_v2_20260814_061157/BD_facts_sql.seed79.train.log,BD_facts_sql,79,31,0.1671,0.3804,6.97e-05,0.1943,880700.0,0.956,1.174
finetune/logs/run_v2_20260814_061157/BD_facts_sql.seed79.train.log,BD_facts_sql,79,32,0.2293,0.3537,6.78e-05,0.2499,905100.0,0.9486,1.212
finetune/logs/run_v2_20260814_061157/BD_facts_sql.seed79.train.log,BD_facts_sql,79,33,0.1399,0.3949,6.588e-05,0.1575,937400.0,0.9535,1.25
finetune/logs/run_v2_20260814_061157/BD_facts_sql.seed79.train.log,BD_facts_sql,79,34,0.2275,0.4906,6.393e-05,0.207,961900.0,0.9424,1.288
finetune/logs/run_v2_20260814_061157/BD_facts_sql.seed79.train.log,BD_facts_sql,79,35,0.1661,0.1779,6.195e-05,0.1522,993400.0,0.956,1.326
finetune/logs/run_v2_20260814_061157/BD_facts_sql.seed79.train.log,BD_facts_sql,79,36,0.1544,0.3231,5.996e-05,0.1862,1024000.0,0.9532,1.364
finetune/logs/run_v2_20260814_061157/BD_facts_sql.seed79.train.log,BD_facts_sql,79,37,0.1312,0.314,5.794e-05,0.1624,1053000.0,0.9597,1.402
finetune/logs/run_v2_20260814_061157/BD_facts_sql.seed79.train.log,BD_facts_sql,79,38,0.1945,0.3989,5.592e-05,0.1973,1080000.0,0.9447,1.44
finetune/logs/run_v2_20260814_061157/BD_facts_sql.seed79.train.log,BD_facts_sql,79,39,0.1156,0.1454,5.388e-05,0.173,1110000.0,0.9645,1.477
finetune/logs/run_v2_20260814_061157/BD_facts_sql.seed79.train.log,BD_facts_sql,79,40,0.1633,0.5113,5.184e-05,0.1739,1143000.0,0.9552,1.515
finetune/logs/run_v2_20260814_061157/BD_facts_sql.seed79.train.log,BD_facts_sql,79,41,0.1836,0.7171,4.98e-05,0.1761,1171000.0,0.9526,1.553
finetune/logs/run_v2_20260814_061157/BD_facts_sql.seed79.train.log,BD_facts_sql,79,42,0.128,0.177,4.775e-05,0.1494,1201000.0,0.9583,1.591
finetune/logs/run_v2_20260814_061157/BD_facts_sql.seed79.train.log,BD_facts_sql,79,43,0.13,0.3181,4.571e-05,0.145,1228000.0,0.96,1.629
finetune/logs/run_v2_20260814_061157/BD_facts_sql.seed79.train.log,BD_facts_sql,79,44,0.2095,0.5055,4.368e-05,0.1855,1257000.0,0.9492,1.667
finetune/logs/run_v2_20260814_061157/BD_facts_sql.seed79.train.log,BD_facts_sql,79,45,0.1493,0.9357,4.165e-05,0.164,1289000.0,0.9527,1.705
finetune/logs/run_v2_20260814_061157/BD_facts_sql.seed79.train.log,BD_facts_sql,79,46,0.1934,0.458,3.964e-05,0.1922,1312000.0,0.9499,1.743
finetune/logs/run_v2_20260814_061157/BD_facts_sql.seed79.train.log,BD_facts_sql,79,47,0.2262,0.1185,3.765e-05,0.2284,1338000.0,0.9425,1.781
finetune/logs/run_v2_20260814_061157/BD_facts_sql.seed79.train.log,BD_facts_sql,79,48,0.2345,0.7625,3.568e-05,0.2082,1365000.0,0.9437,1.819
finetune/logs/run_v2_20260814_061157/BD_facts_sql.seed79.train.log,BD_facts_sql,79,49,0.1921,0.7886,3.373e-05,0.2107,1395000.0,0.9485,1.856
finetune/logs/run_v2_20260814_061157/BD_facts_sql.seed79.train.log,BD_facts_sql,79,50,0.1513,0.6863,3.181e-05,0.1787,1428000.0,0.953,1.894
finetune/logs/run_v2_20260814_061157/BD_facts_sql.seed79.train.log,BD_facts_sql,79,51,0.2163,0.6733,2.993e-05,0.2029,1451000.0,0.9441,1.932
finetune/logs/run_v2_20260814_061157/BD_facts_sql.seed79.train.log,BD_facts_sql,79,52,0.1632,0.2776,2.807e-05,0.1769,1475000.0,0.9526,1.97
finetune/logs/run_v2_20260814_061157/BD_facts_sql.seed79.train.log,BD_facts_sql,79,53,0.1402,0.478,2.625e-05,0.1878,1506000.0,0.9591,2.008
finetune/logs/run_v2_20260814_061157/BD_facts_sql.seed79.train.log,BD_facts_sql,79,54,0.09836,0.4087,2.447e-05,0.1637,1542000.0,0.9672,2.045
finetune/logs/run_v2_20260814_061157/BD_facts_sql.seed79.train.log,BD_facts_sql,79,55,0.1084,0.3211,2.273e-05,0.1566,1572000.0,0.9626,2.083
finetune/logs/run_v2_20260814_061157/BD_facts_sql.seed79.train.log,BD_facts_sql,79,56,0.1066,0.5016,2.104e-05,0.1415,1596000.0,0.9658,2.121
finetune/logs/run_v2_20260814_061157/BD_facts_sql.seed79.train.log,BD_facts_sql,79,57,0.138,0.8077,1.94e-05,0.1339,1624000.0,0.9599,2.159
finetune/logs/run_v2_20260814_061157/BD_facts_sql.seed79.train.log,BD_facts_sql,79,58,0.1207,0.3859,1.781e-05,0.1557,1653000.0,0.9532,2.197
finetune/logs/run_v2_20260814_061157/BD_facts_sql.seed79.train.log,BD_facts_sql,79,59,0.07255,0.4211,1.627e-05,0.08767,1685000.0,0.9739,2.235
finetune/logs/run_v2_20260814_061157/BD_facts_sql.seed79.train.log,BD_facts_sql,79,60,0.1105,0.2239,1.479e-05,0.1239,1708000.0,0.9616,2.273
finetune/logs/run_v2_20260814_061157/BD_facts_sql.seed79.train.log,BD_facts_sql,79,61,0.0925,0.1662,1.337e-05,0.1181,1732000.0,0.9655,2.311
finetune/logs/run_v2_20260814_061157/BD_facts_sql.seed79.train.log,BD_facts_sql,79,62,0.1439,1.012,1.201e-05,0.146,1755000.0,0.9544,2.349
finetune/logs/run_v2_20260814_061157/BD_facts_sql.seed79.train.log,BD_facts_sql,79,63,0.1142,0.7485,1.071e-05,0.121,1788000.0,0.964,2.387
finetune/logs/run_v2_20260814_061157/BD_facts_sql.seed79.train.log,BD_facts_sql,79,64,0.1184,0.9043,9.477e-06,0.1537,1815000.0,0.9642,2.424
finetune/logs/run_v2_20260814_061157/BD_facts_sql.seed79.train.log,BD_facts_sql,79,65,0.1053,0.277,8.313e-06,0.1371,1843000.0,0.9618,2.462
finetune/logs/run_v2_20260814_061157/BD_facts_sql.seed79.train.log,BD_facts_sql,79,66,0.1329,0.6982,7.219e-06,0.1435,1869000.0,0.9595,2.5
finetune/logs/run_v2_20260814_061157/BD_facts_sql.seed79.train.log,BD_facts_sql,79,67,0.1047,0.8636,6.196e-06,0.1128,1897000.0,0.9686,2.538
finetune/logs/run_v2_20260814_061157/BD_facts_sql.seed79.train.log,BD_facts_sql,79,68,0.09458,1.137,5.247e-06,0.103,1934000.0,0.9723,2.576
finetune/logs/run_v2_20260814_061157/BD_facts_sql.seed79.train.log,BD_facts_sql,79,69,0.1607,0.4705,4.373e-06,0.1672,1960000.0,0.9509,2.614
finetune/logs/run_v2_20260814_061157/BD_facts_sql.seed79.train.log,BD_facts_sql,79,70,0.1028,0.6301,3.575e-06,0.1305,1987000.0,0.9661,2.652
finetune/logs/run_v2_20260814_061157/BD_facts_sql.seed79.train.log,BD_facts_sql,79,71,0.09414,0.3496,2.854e-06,0.1185,2018000.0,0.969,2.69
finetune/logs/run_v2_20260814_061157/BD_facts_sql.seed79.train.log,BD_facts_sql,79,72,0.1365,0.575,2.213e-06,0.1558,2043000.0,0.9603,2.728
finetune/logs/run_v2_20260814_061157/BD_facts_sql.seed79.train.log,BD_facts_sql,79,73,0.1159,0.8385,1.651e-06,0.1161,2072000.0,0.9609,2.766
finetune/logs/run_v2_20260814_061157/BD_facts_sql.seed79.train.log,BD_facts_sql,79,74,0.09026,2.507,1.17e-06,0.1106,2105000.0,0.9734,2.803
finetune/logs/run_v2_20260814_061157/BD_facts_sql.seed79.train.log,BD_facts_sql,79,75,0.1274,0.3587,7.715e-07,0.1626,2134000.0,0.9541,2.841
finetune/logs/run_v2_20260814_061157/BD_facts_sql.seed79.train.log,BD_facts_sql,79,76,0.09586,0.6714,4.549e-07,0.1048,2163000.0,0.9645,2.879
finetune/logs/run_v2_20260814_061157/BD_facts_sql.seed79.train.log,BD_facts_sql,79,77,0.136,1.124,2.211e-07,0.1609,2182000.0,0.96,2.917
finetune/logs/run_v2_20260814_061157/BD_facts_sql.seed79.train.log,BD_facts_sql,79,78,0.1268,0.4128,7.068e-08,0.1477,2209000.0,0.956,2.955
finetune/logs/run_v2_20260814_061157/BD_facts_sql.seed79.train.log,BD_facts_sql,79,79,0.08889,0.1153,3.765e-09,0.09619,2242000.0,0.9702,2.993
finetune/logs/run_v2_20260814_061157/C_answers.seed79.train.log,C_answers,79,1,4.105,2.454,0.0001,1.054,7021.0,0.5137,0.1236
finetune/logs/run_v2_20260814_061157/C_answers.seed79.train.log,C_answers,79,2,1.04,1.6,9.946e-05,0.9886,13980.0,0.8169,0.2473
finetune/logs/run_v2_20260814_061157/C_answers.seed79.train.log,C_answers,79,3,0.8446,1.23,9.804e-05,0.6857,20830.0,0.848,0.3709
finetune/logs/run_v2_20260814_061157/C_answers.seed79.train.log,C_answers,79,4,0.6714,1.147,9.577e-05,0.5249,27680.0,0.8738,0.4946
finetune/logs/run_v2_20260814_061157/C_answers.seed79.train.log,C_answers,79,5,0.6509,1.344,9.268e-05,0.5596,34910.0,0.871,0.6182
finetune/logs/run_v2_20260814_061157/C_answers.seed79.train.log,C_answers,79,6,0.6882,1.487,8.882e-05,0.5658,42280.0,0.8801,0.7419
finetune/logs/run_v2_20260814_061157/C_answers.seed79.train.log,C_answers,79,7,0.668,1.5,8.428e-05,0.5445,49880.0,0.8763,0.8655
finetune/logs/run_v2_20260814_061157/C_answers.seed79.train.log,C_answers,79,8,0.484,0.814,7.912e-05,0.4245,56930.0,0.9012,0.9892
finetune/logs/run_v2_20260814_061157/C_answers.seed79.train.log,C_answers,79,9,0.3723,1.589,7.344e-05,0.3376,63940.0,0.9195,1.111
finetune/logs/run_v2_20260814_061157/C_answers.seed79.train.log,C_answers,79,10,0.3809,1.394,6.735e-05,0.3085,71110.0,0.9254,1.235
finetune/logs/run_v2_20260814_061157/C_answers.seed79.train.log,C_answers,79,11,0.4016,1.168,6.094e-05,0.3554,77980.0,0.9052,1.359
finetune/logs/run_v2_20260814_061157/C_answers.seed79.train.log,C_answers,79,12,0.3401,1.329,5.434e-05,0.3025,85180.0,0.9207,1.482
finetune/logs/run_v2_20260814_061157/C_answers.seed79.train.log,C_answers,79,13,0.3352,1.476,4.766e-05,0.3273,92090.0,0.9143,1.606
finetune/logs/run_v2_20260814_061157/C_answers.seed79.train.log,C_answers,79,14,0.4148,1.119,4.103e-05,0.3473,99440.0,0.9075,1.73
finetune/logs/run_v2_20260814_061157/C_answers.seed79.train.log,C_answers,79,15,0.3047,1.357,3.455e-05,0.31,106500.0,0.9258,1.853
finetune/logs/run_v2_20260814_061157/C_answers.seed79.train.log,C_answers,79,16,0.3908,1.708,2.835e-05,0.3135,113700.0,0.9153,1.977
finetune/logs/run_v2_20260814_061157/C_answers.seed79.train.log,C_answers,79,17,0.2956,1.54,2.253e-05,0.2983,120900.0,0.9275,2.099
finetune/logs/run_v2_20260814_061157/C_answers.seed79.train.log,C_answers,79,18,0.2572,2.041,1.721e-05,0.2309,128000.0,0.9353,2.223
finetune/logs/run_v2_20260814_061157/C_answers.seed79.train.log,C_answers,79,19,0.2616,4.022,1.247e-05,0.2179,135100.0,0.9314,2.346
finetune/logs/run_v2_20260814_061157/C_answers.seed79.train.log,C_answers,79,20,0.2295,1.459,8.403e-06,0.2314,142200.0,0.9364,2.47
finetune/logs/run_v2_20260814_061157/C_answers.seed79.train.log,C_answers,79,21,0.2479,1.045,5.077e-06,0.2578,149600.0,0.9347,2.594
finetune/logs/run_v2_20260814_061157/C_answers.seed79.train.log,C_answers,79,22,0.2342,1.102,2.552e-06,0.2532,156700.0,0.9336,2.717
finetune/logs/run_v2_20260814_061157/C_answers.seed79.train.log,C_answers,79,23,0.2371,2.2,8.732e-07,0.2339,163800.0,0.935,2.841
finetune/logs/run_v2_20260814_061157/C_answers.seed79.train.log,C_answers,79,24,0.211,2.408,7.147e-08,0.2037,170600.0,0.9402,2.964
finetune/logs/run_v2_20260814_061157/D_sql.seed79.train.log,D_sql,79,1,0.5445,0.5478,0.0001,0.06911,78020.0,0.9162,0.1236
finetune/logs/run_v2_20260814_061157/D_sql.seed79.train.log,D_sql,79,2,0.02526,0.08244,9.946e-05,0.03881,156300.0,0.992,0.2473
finetune/logs/run_v2_20260814_061157/D_sql.seed79.train.log,D_sql,79,3,0.0007109,0.002707,9.804e-05,0.00287,234500.0,1.0,0.3709
finetune/logs/run_v2_20260814_061157/D_sql.seed79.train.log,D_sql,79,4,0.0004757,0.0009761,9.577e-05,0.001485,312700.0,1.0,0.4946
finetune/logs/run_v2_20260814_061157/D_sql.seed79.train.log,D_sql,79,5,0.0003864,0.0004809,9.268e-05,0.0003348,390900.0,0.9998,0.6182
finetune/logs/run_v2_20260814_061157/D_sql.seed79.train.log,D_sql,79,6,0.0002098,0.2137,8.882e-05,0.0005873,469400.0,1.0,0.7419
finetune/logs/run_v2_20260814_061157/D_sql.seed79.train.log,D_sql,79,7,4.968e-05,0.0002065,8.428e-05,0.0003578,547800.0,1.0,0.8655
finetune/logs/run_v2_20260814_061157/D_sql.seed79.train.log,D_sql,79,8,2.458e-05,0.001562,7.912e-05,0.0001996,626000.0,1.0,0.9892
finetune/logs/run_v2_20260814_061157/D_sql.seed79.train.log,D_sql,79,9,2.376e-05,0.0006607,7.344e-05,0.0001955,703300.0,1.0,1.111
finetune/logs/run_v2_20260814_061157/D_sql.seed79.train.log,D_sql,79,10,2.028e-05,0.001162,6.735e-05,0.0001771,781600.0,1.0,1.235
finetune/logs/run_v2_20260814_061157/D_sql.seed79.train.log,D_sql,79,11,1.666e-05,0.0004077,6.094e-05,0.0001536,859700.0,1.0,1.359
finetune/logs/run_v2_20260814_061157/D_sql.seed79.train.log,D_sql,79,12,1.83e-05,0.001934,5.434e-05,0.000165,938000.0,1.0,1.482
finetune/logs/run_v2_20260814_061157/D_sql.seed79.train.log,D_sql,79,13,9.874e-06,0.0003596,4.766e-05,9.812e-05,1016000.0,1.0,1.606
finetune/logs/run_v2_20260814_061157/D_sql.seed79.train.log,D_sql,79,14,1.034e-05,0.0003904,4.103e-05,0.0001026,1095000.0,1.0,1.73
finetune/logs/run_v2_20260814_061157/D_sql.seed79.train.log,D_sql,79,15,9.48e-06,0.0002644,3.455e-05,9.755e-05,1173000.0,1.0,1.853
finetune/logs/run_v2_20260814_061157/D_sql.seed79.train.log,D_sql,79,16,9.21e-06,0.0001006,2.835e-05,9.587e-05,1251000.0,1.0,1.977
finetune/logs/run_v2_20260814_061157/D_sql.seed79.train.log,D_sql,79,17,8.252e-06,0.0001807,2.253e-05,8.611e-05,1328000.0,1.0,2.099
finetune/logs/run_v2_20260814_061157/D_sql.seed79.train.log,D_sql,79,18,1.107e-05,6.928e-05,1.721e-05,0.000107,1406000.0,1.0,2.223
finetune/logs/run_v2_20260814_061157/D_sql.seed79.train.log,D_sql,79,19,1.007e-05,0.0001683,1.247e-05,9.791e-05,1485000.0,1.0,2.346
finetune/logs/run_v2_20260814_061157/D_sql.seed79.train.log,D_sql,79,20,8.252e-06,0.0002477,8.403e-06,8.328e-05,1563000.0,1.0,2.47
finetune/logs/run_v2_20260814_061157/D_sql.seed79.train.log,D_sql,79,21,1.255e-05,0.000156,5.077e-06,0.0001194,1641000.0,1.0,2.594
finetune/logs/run_v2_20260814_061157/D_sql.seed79.train.log,D_sql,79,22,9.008e-06,0.0002356,2.552e-06,9.304e-05,1719000.0,1.0,2.717
finetune/logs/run_v2_20260814_061157/D_sql.seed79.train.log,D_sql,79,23,1.153e-05,0.000332,8.732e-07,0.0001127,1798000.0,1.0,2.841
finetune/logs/run_v2_20260814_061157/D_sql.seed79.train.log,D_sql,79,24,1.05e-05,0.0001836,7.147e-08,0.0001001,1876000.0,1.0,2.964
finetune/logs/run_v2_20260814_113444/B_facts.seed13.train.log,B_facts,13,1,4.391,4.211,5.294e-05,0.5553,6320.0,0.5961,0.05464
finetune/logs/run_v2_20260814_113444/B_facts.seed13.train.log,B_facts,13,2,0.877,5.864,0.0001,0.7319,12660.0,0.8353,0.1093
finetune/logs/run_v2_20260814_113444/B_facts.seed13.train.log,B_facts,13,3,0.6682,1.181,9.987e-05,0.5601,19070.0,0.8803,0.1639
finetune/logs/run_v2_20260814_113444/B_facts.seed13.train.log,B_facts,13,4,0.3711,1.413,9.958e-05,0.3288,25550.0,0.9252,0.2186
finetune/logs/run_v2_20260814_113444/B_facts.seed13.train.log,B_facts,13,5,0.3505,0.8477,9.911e-05,0.3653,31920.0,0.9182,0.2732
finetune/logs/run_v2_20260814_113444/B_facts.seed13.train.log,B_facts,13,6,0.4737,0.7579,9.847e-05,0.3784,38250.0,0.9044,0.3279
finetune/logs/run_v2_20260814_113444/B_facts.seed13.train.log,B_facts,13,7,0.5483,0.7246,9.766e-05,0.4936,44660.0,0.8937,0.3825
finetune/logs/run_v2_20260814_113444/B_facts.seed13.train.log,B_facts,13,8,0.3064,0.5528,9.669e-05,0.2961,50960.0,0.9331,0.4372
finetune/logs/run_v2_20260814_113444/B_facts.seed13.train.log,B_facts,13,9,0.3488,0.6458,9.555e-05,0.2843,57370.0,0.9297,0.4918
finetune/logs/run_v2_20260814_113444/B_facts.seed13.train.log,B_facts,13,10,0.4395,0.3724,9.425e-05,0.4156,63740.0,0.9078,0.5464
finetune/logs/run_v2_20260814_113444/B_facts.seed13.train.log,B_facts,13,11,0.4063,0.558,9.28e-05,0.342,70140.0,0.931,0.6011
finetune/logs/run_v2_20260814_113444/B_facts.seed13.train.log,B_facts,13,12,0.363,0.4324,9.12e-05,0.3684,76510.0,0.9046,0.6557
finetune/logs/run_v2_20260814_113444/B_facts.seed13.train.log,B_facts,13,13,0.4523,0.6927,8.946e-05,0.4011,82940.0,0.8988,0.7104
finetune/logs/run_v2_20260814_113444/B_facts.seed13.train.log,B_facts,13,14,0.2854,0.3077,8.758e-05,0.2645,89320.0,0.9324,0.765
finetune/logs/run_v2_20260814_113444/B_facts.seed13.train.log,B_facts,13,15,0.3677,0.4932,8.556e-05,0.3363,95570.0,0.9158,0.8197
finetune/logs/run_v2_20260814_113444/B_facts.seed13.train.log,B_facts,13,16,0.3014,0.6273,8.343e-05,0.3282,101900.0,0.9335,0.8743
finetune/logs/run_v2_20260814_113444/B_facts.seed13.train.log,B_facts,13,17,0.3332,0.7986,8.117e-05,0.288,108100.0,0.9373,0.929
finetune/logs/run_v2_20260814_113444/B_facts.seed13.train.log,B_facts,13,18,0.4314,0.3299,7.881e-05,0.3274,114600.0,0.9196,0.9836
finetune/logs/run_v2_20260814_113444/B_facts.seed13.train.log,B_facts,13,19,0.2674,0.3785,7.635e-05,0.2926,120900.0,0.9393,1.038
finetune/logs/run_v2_20260814_113444/B_facts.seed13.train.log,B_facts,13,20,0.3309,0.4438,7.38e-05,0.3266,127300.0,0.9313,1.093
finetune/logs/run_v2_20260814_113444/B_facts.seed13.train.log,B_facts,13,21,0.2305,0.4582,7.116e-05,0.2055,133700.0,0.9424,1.148
finetune/logs/run_v2_20260814_113444/B_facts.seed13.train.log,B_facts,13,22,0.2548,0.6075,6.845e-05,0.247,140000.0,0.9333,1.202
finetune/logs/run_v2_20260814_113444/B_facts.seed13.train.log,B_facts,13,23,0.2934,1.308,6.568e-05,0.2691,146300.0,0.9322,1.257
finetune/logs/run_v2_20260814_113444/B_facts.seed13.train.log,B_facts,13,24,0.2504,0.8293,6.285e-05,0.2491,152600.0,0.9369,1.311
finetune/logs/run_v2_20260814_113444/B_facts.seed13.train.log,B_facts,13,25,0.3259,0.4781,5.997e-05,0.2842,159100.0,0.9251,1.366
finetune/logs/run_v2_20260814_113444/B_facts.seed13.train.log,B_facts,13,26,0.2803,1.319,5.706e-05,0.2558,165400.0,0.9322,1.421
finetune/logs/run_v2_20260814_113444/B_facts.seed13.train.log,B_facts,13,27,0.2456,1.154,5.413e-05,0.249,171800.0,0.9424,1.475
finetune/logs/run_v2_20260814_113444/B_facts.seed13.train.log,B_facts,13,28,0.2622,0.3457,5.118e-05,0.2596,178200.0,0.9343,1.53
finetune/logs/run_v2_20260814_113444/B_facts.seed13.train.log,B_facts,13,29,0.3437,0.7444,4.823e-05,0.3112,184600.0,0.9213,1.585
finetune/logs/run_v2_20260814_113444/B_facts.seed13.train.log,B_facts,13,30,0.3356,0.9844,4.528e-05,0.3195,190900.0,0.924,1.639
finetune/logs/run_v2_20260814_113444/B_facts.seed13.train.log,B_facts,13,31,0.231,0.5102,4.235e-05,0.2286,197300.0,0.94,1.694
finetune/logs/run_v2_20260814_113444/B_facts.seed13.train.log,B_facts,13,32,0.3033,0.3847,3.945e-05,0.2726,203700.0,0.922,1.749
finetune/logs/run_v2_20260814_113444/B_facts.seed13.train.log,B_facts,13,33,0.2867,0.6572,3.658e-05,0.2875,210100.0,0.9301,1.803
finetune/logs/run_v2_20260814_113444/B_facts.seed13.train.log,B_facts,13,34,0.4,1.264,3.377e-05,0.3076,216600.0,0.9151,1.858
finetune/logs/run_v2_20260814_113444/B_facts.seed13.train.log,B_facts,13,35,0.3359,0.588,3.1e-05,0.302,222900.0,0.9281,1.913
finetune/logs/run_v2_20260814_113444/B_facts.seed13.train.log,B_facts,13,36,0.3531,0.9369,2.831e-05,0.3164,229200.0,0.919,1.967
finetune/logs/run_v2_20260814_113444/B_facts.seed13.train.log,B_facts,13,37,0.2137,0.605,2.568e-05,0.2558,235500.0,0.9428,2.022
finetune/logs/run_v2_20260814_113444/B_facts.seed13.train.log,B_facts,13,38,0.283,0.4526,2.315e-05,0.2752,241800.0,0.9365,2.077
finetune/logs/run_v2_20260814_113444/B_facts.seed13.train.log,B_facts,13,39,0.241,0.5447,2.071e-05,0.2456,248200.0,0.9354,2.131
finetune/logs/run_v2_20260814_113444/B_facts.seed13.train.log,B_facts,13,40,0.1589,0.6023,1.837e-05,0.1637,254500.0,0.9468,2.186
finetune/logs/run_v2_20260814_113444/B_facts.seed13.train.log,B_facts,13,41,0.2356,0.5413,1.614e-05,0.2296,261000.0,0.9429,2.24
finetune/logs/run_v2_20260814_113444/B_facts.seed13.train.log,B_facts,13,42,0.1435,0.8205,1.402e-05,0.1681,267300.0,0.9543,2.295
finetune/logs/run_v2_20260814_113444/B_facts.seed13.train.log,B_facts,13,43,0.1697,1.432,1.204e-05,0.1799,273600.0,0.9455,2.35
finetune/logs/run_v2_20260814_113444/B_facts.seed13.train.log,B_facts,13,44,0.1897,0.479,1.018e-05,0.205,280000.0,0.9549,2.404
finetune/logs/run_v2_20260814_113444/B_facts.seed13.train.log,B_facts,13,45,0.1975,0.8403,8.468e-06,0.192,286400.0,0.9501,2.459
finetune/logs/run_v2_20260814_113444/B_facts.seed13.train.log,B_facts,13,46,0.1659,0.9833,6.897e-06,0.1698,292700.0,0.948,2.514
finetune/logs/run_v2_20260814_113444/B_facts.seed13.train.log,B_facts,13,47,0.1721,0.6985,5.477e-06,0.1749,299000.0,0.9499,2.568
finetune/logs/run_v2_20260814_113444/B_facts.seed13.train.log,B_facts,13,48,0.1745,1.82,4.211e-06,0.1971,305500.0,0.9494,2.623
finetune/logs/run_v2_20260814_113444/B_facts.seed13.train.log,B_facts,13,49,0.1403,1.028,3.106e-06,0.1542,311900.0,0.9598,2.678
finetune/logs/run_v2_20260814_113444/B_facts.seed13.train.log,B_facts,13,50,0.2163,0.741,2.164e-06,0.2166,318200.0,0.9458,2.732
finetune/logs/run_v2_20260814_113444/B_facts.seed13.train.log,B_facts,13,51,0.197,0.8613,1.388e-06,0.179,324700.0,0.9398,2.787
finetune/logs/run_v2_20260814_113444/B_facts.seed13.train.log,B_facts,13,52,0.214,0.5011,7.826e-07,0.2013,331100.0,0.9367,2.842
finetune/logs/run_v2_20260814_113444/B_facts.seed13.train.log,B_facts,13,53,0.2038,1.032,3.483e-07,0.2057,337400.0,0.9431,2.896
finetune/logs/run_v2_20260814_113444/B_facts.seed13.train.log,B_facts,13,54,0.1663,0.3432,8.715e-08,0.175,343700.0,0.9508,2.951
finetune/logs/run_v2_20260814_113444/B_facts.seed29.train.log,B_facts,29,1,4.071,3.921,5.294e-05,0.4322,6428.0,0.6314,0.05464
finetune/logs/run_v2_20260814_113444/B_facts.seed29.train.log,B_facts,29,2,0.8089,1.48,0.0001,0.7656,12770.0,0.8241,0.1093
finetune/logs/run_v2_20260814_113444/B_facts.seed29.train.log,B_facts,29,3,0.4846,0.9402,9.987e-05,0.4527,19190.0,0.9086,0.1639
finetune/logs/run_v2_20260814_113444/B_facts.seed29.train.log,B_facts,29,4,0.3943,0.8344,9.958e-05,0.3696,25490.0,0.9155,0.2186
finetune/logs/run_v2_20260814_113444/B_facts.seed29.train.log,B_facts,29,5,0.3759,1.467,9.911e-05,0.3358,31850.0,0.9242,0.2732
finetune/logs/run_v2_20260814_113444/B_facts.seed29.train.log,B_facts,29,6,0.4008,0.7238,9.847e-05,0.3312,38180.0,0.9191,0.3279
finetune/logs/run_v2_20260814_113444/B_facts.seed29.train.log,B_facts,29,7,0.376,0.785,9.766e-05,0.3956,44490.0,0.9207,0.3825
finetune/logs/run_v2_20260814_113444/B_facts.seed29.train.log,B_facts,29,8,0.4881,1.077,9.669e-05,0.3658,50920.0,0.9153,0.4372
finetune/logs/run_v2_20260814_113444/B_facts.seed29.train.log,B_facts,29,9,0.4085,0.5358,9.555e-05,0.3725,57360.0,0.9087,0.4918
finetune/logs/run_v2_20260814_113444/B_facts.seed29.train.log,B_facts,29,10,0.3877,0.8727,9.425e-05,0.3279,63640.0,0.919,0.5464
finetune/logs/run_v2_20260814_113444/B_facts.seed29.train.log,B_facts,29,11,0.3692,1.151,9.28e-05,0.3337,69920.0,0.9185,0.6011
finetune/logs/run_v2_20260814_113444/B_facts.seed29.train.log,B_facts,29,12,0.4806,0.4305,9.12e-05,0.4622,76330.0,0.903,0.6557
finetune/logs/run_v2_20260814_113444/B_facts.seed29.train.log,B_facts,29,13,0.4807,0.8729,8.946e-05,0.4387,82640.0,0.9105,0.7104
finetune/logs/run_v2_20260814_113444/B_facts.seed29.train.log,B_facts,29,14,0.3811,0.5955,8.758e-05,0.3263,88960.0,0.9196,0.765
finetune/logs/run_v2_20260814_113444/B_facts.seed29.train.log,B_facts,29,15,0.3515,0.8379,8.556e-05,0.3167,95320.0,0.9259,0.8197
finetune/logs/run_v2_20260814_113444/B_facts.seed29.train.log,B_facts,29,16,0.4208,0.9496,8.343e-05,0.3747,101700.0,0.9114,0.8743
finetune/logs/run_v2_20260814_113444/B_facts.seed29.train.log,B_facts,29,17,0.3091,0.6423,8.117e-05,0.2837,108200.0,0.9292,0.929
finetune/logs/run_v2_20260814_113444/B_facts.seed29.train.log,B_facts,29,18,0.3471,0.2575,7.881e-05,0.3417,114600.0,0.9188,0.9836
finetune/logs/run_v2_20260814_113444/B_facts.seed29.train.log,B_facts,29,19,0.3875,0.6232,7.635e-05,0.3301,120900.0,0.9332,1.038
finetune/logs/run_v2_20260814_113444/B_facts.seed29.train.log,B_facts,29,20,0.3301,0.453,7.38e-05,0.2881,127300.0,0.936,1.093
finetune/logs/run_v2_20260814_113444/B_facts.seed29.train.log,B_facts,29,21,0.2566,0.5136,7.116e-05,0.2686,133700.0,0.9359,1.148
finetune/logs/run_v2_20260814_113444/B_facts.seed29.train.log,B_facts,29,22,0.242,0.634,6.845e-05,0.2267,140100.0,0.9312,1.202
finetune/logs/run_v2_20260814_113444/B_facts.seed29.train.log,B_facts,29,23,0.3473,1.185,6.568e-05,0.3022,146600.0,0.9162,1.257
finetune/logs/run_v2_20260814_113444/B_facts.seed29.train.log,B_facts,29,24,0.1932,0.8391,6.285e-05,0.215,152900.0,0.9481,1.311
finetune/logs/run_v2_20260814_113444/B_facts.seed29.train.log,B_facts,29,25,0.2709,0.6885,5.997e-05,0.2813,159200.0,0.9343,1.366
finetune/logs/run_v2_20260814_113444/B_facts.seed29.train.log,B_facts,29,26,0.3362,0.5294,5.706e-05,0.2728,165600.0,0.9216,1.421
finetune/logs/run_v2_20260814_113444/B_facts.seed29.train.log,B_facts,29,27,0.2602,0.6196,5.413e-05,0.2492,172100.0,0.9323,1.475
finetune/logs/run_v2_20260814_113444/B_facts.seed29.train.log,B_facts,29,28,0.3004,0.7015,5.118e-05,0.2694,178400.0,0.9326,1.53
finetune/logs/run_v2_20260814_113444/B_facts.seed29.train.log,B_facts,29,29,0.2681,0.6732,4.823e-05,0.2666,184800.0,0.9343,1.585
finetune/logs/run_v2_20260814_113444/B_facts.seed29.train.log,B_facts,29,30,0.2466,0.4238,4.528e-05,0.2285,191100.0,0.9404,1.639
finetune/logs/run_v2_20260814_113444/B_facts.seed29.train.log,B_facts,29,31,0.2655,1.235,4.235e-05,0.2453,197500.0,0.9317,1.694
finetune/logs/run_v2_20260814_113444/B_facts.seed29.train.log,B_facts,29,32,0.2748,0.2829,3.945e-05,0.2345,203900.0,0.9347,1.749
finetune/logs/run_v2_20260814_113444/B_facts.seed29.train.log,B_facts,29,33,0.4884,0.485,3.658e-05,0.3941,210300.0,0.8986,1.803
finetune/logs/run_v2_20260814_113444/B_facts.seed29.train.log,B_facts,29,34,0.2785,0.8766,3.377e-05,0.2858,216600.0,0.9376,1.858
finetune/logs/run_v2_20260814_113444/B_facts.seed29.train.log,B_facts,29,35,0.2844,1.086,3.1e-05,0.2866,223000.0,0.934,1.913
finetune/logs/run_v2_20260814_113444/B_facts.seed29.train.log,B_facts,29,36,0.2576,0.6807,2.831e-05,0.2658,229300.0,0.9269,1.967
finetune/logs/run_v2_20260814_113444/B_facts.seed29.train.log,B_facts,29,37,0.2174,0.625,2.568e-05,0.2278,235500.0,0.9424,2.022
finetune/logs/run_v2_20260814_113444/B_facts.seed29.train.log,B_facts,29,38,0.1859,0.4994,2.315e-05,0.2114,241900.0,0.946,2.077
finetune/logs/run_v2_20260814_113444/B_facts.seed29.train.log,B_facts,29,39,0.2154,0.5932,2.071e-05,0.189,248300.0,0.9506,2.131
finetune/logs/run_v2_20260814_113444/B_facts.seed29.train.log,B_facts,29,40,0.2146,1.079,1.837e-05,0.2151,254600.0,0.9423,2.186
finetune/logs/run_v2_20260814_113444/B_facts.seed29.train.log,B_facts,29,41,0.1544,1.208,1.614e-05,0.1516,261100.0,0.957,2.24
finetune/logs/run_v2_20260814_113444/B_facts.seed29.train.log,B_facts,29,42,0.2312,2.993,1.402e-05,0.2144,267400.0,0.9339,2.295
finetune/logs/run_v2_20260814_113444/B_facts.seed29.train.log,B_facts,29,43,0.1916,0.5548,1.204e-05,0.1684,273900.0,0.953,2.35
finetune/logs/run_v2_20260814_113444/B_facts.seed29.train.log,B_facts,29,44,0.1806,1.016,1.018e-05,0.1911,280100.0,0.9393,2.404
finetune/logs/run_v2_20260814_113444/B_facts.seed29.train.log,B_facts,29,45,0.1875,0.7239,8.468e-06,0.2026,286400.0,0.9455,2.459
finetune/logs/run_v2_20260814_113444/B_facts.seed29.train.log,B_facts,29,46,0.23,1.765,6.897e-06,0.1965,292800.0,0.9416,2.514
finetune/logs/run_v2_20260814_113444/B_facts.seed29.train.log,B_facts,29,47,0.2168,0.9919,5.477e-06,0.2146,299200.0,0.9398,2.568
finetune/logs/run_v2_20260814_113444/B_facts.seed29.train.log,B_facts,29,48,0.1892,0.5311,4.211e-06,0.1934,305600.0,0.9572,2.623
finetune/logs/run_v2_20260814_113444/B_facts.seed29.train.log,B_facts,29,49,0.2068,1.12,3.106e-06,0.1889,312000.0,0.9438,2.678
finetune/logs/run_v2_20260814_113444/B_facts.seed29.train.log,B_facts,29,50,0.1649,0.5613,2.164e-06,0.1707,318400.0,0.9558,2.732
finetune/logs/run_v2_20260814_113444/B_facts.seed29.train.log,B_facts,29,51,0.1649,0.4363,1.388e-06,0.1866,324800.0,0.9484,2.787
finetune/logs/run_v2_20260814_113444/B_facts.seed29.train.log,B_facts,29,52,0.1611,0.5274,7.826e-07,0.1821,331200.0,0.9558,2.842
finetune/logs/run_v2_20260814_113444/B_facts.seed29.train.log,B_facts,29,53,0.1635,0.6897,3.483e-07,0.1758,337600.0,0.9578,2.896
finetune/logs/run_v2_20260814_113444/B_facts.seed29.train.log,B_facts,29,54,0.1643,0.5924,8.715e-08,0.1867,343900.0,0.9542,2.951
finetune/logs/run_v2_20260814_113444/B_facts.seed47.train.log,B_facts,47,1,4.482,4.297,5.294e-05,0.5116,6288.0,0.6059,0.05464
finetune/logs/run_v2_20260814_113444/B_facts.seed47.train.log,B_facts,47,2,0.861,1.058,0.0001,0.7733,12760.0,0.8178,0.1093
finetune/logs/run_v2_20260814_113444/B_facts.seed47.train.log,B_facts,47,3,0.6593,1.857,9.987e-05,0.5838,19100.0,0.8689,0.1639
finetune/logs/run_v2_20260814_113444/B_facts.seed47.train.log,B_facts,47,4,0.5174,1.398,9.958e-05,0.4837,25540.0,0.9082,0.2186
finetune/logs/run_v2_20260814_113444/B_facts.seed47.train.log,B_facts,47,5,0.6702,0.6022,9.911e-05,0.526,31910.0,0.8864,0.2732
finetune/logs/run_v2_20260814_113444/B_facts.seed47.train.log,B_facts,47,6,0.3584,0.6381,9.847e-05,0.3689,38280.0,0.9233,0.3279
finetune/logs/run_v2_20260814_113444/B_facts.seed47.train.log,B_facts,47,7,0.3037,0.9141,9.766e-05,0.3009,44550.0,0.9227,0.3825
finetune/logs/run_v2_20260814_113444/B_facts.seed47.train.log,B_facts,47,8,0.3808,0.6927,9.669e-05,0.3676,50850.0,0.9263,0.4372
finetune/logs/run_v2_20260814_113444/B_facts.seed47.train.log,B_facts,47,9,0.4463,0.5382,9.555e-05,0.3396,57260.0,0.9128,0.4918
finetune/logs/run_v2_20260814_113444/B_facts.seed47.train.log,B_facts,47,10,0.3276,0.899,9.425e-05,0.3203,63640.0,0.9237,0.5464
finetune/logs/run_v2_20260814_113444/B_facts.seed47.train.log,B_facts,47,11,0.3886,0.4032,9.28e-05,0.3158,70080.0,0.9217,0.6011
finetune/logs/run_v2_20260814_113444/B_facts.seed47.train.log,B_facts,47,12,0.4758,0.7734,9.12e-05,0.406,76520.0,0.911,0.6557
finetune/logs/run_v2_20260814_113444/B_facts.seed47.train.log,B_facts,47,13,0.3033,0.3993,8.946e-05,0.3356,82850.0,0.931,0.7104
finetune/logs/run_v2_20260814_113444/B_facts.seed47.train.log,B_facts,47,14,0.329,0.3792,8.758e-05,0.2871,89220.0,0.9302,0.765
finetune/logs/run_v2_20260814_113444/B_facts.seed47.train.log,B_facts,47,15,0.3717,0.3691,8.556e-05,0.323,95580.0,0.9272,0.8197
finetune/logs/run_v2_20260814_113444/B_facts.seed47.train.log,B_facts,47,16,0.3593,0.5965,8.343e-05,0.3287,101900.0,0.9194,0.8743
finetune/logs/run_v2_20260814_113444/B_facts.seed47.train.log,B_facts,47,17,0.262,0.3859,8.117e-05,0.2582,108300.0,0.9371,0.929
finetune/logs/run_v2_20260814_113444/B_facts.seed47.train.log,B_facts,47,18,0.3576,0.7426,7.881e-05,0.3048,114600.0,0.9169,0.9836
finetune/logs/run_v2_20260814_113444/B_facts.seed47.train.log,B_facts,47,19,0.2745,0.6322,7.635e-05,0.2796,120900.0,0.9293,1.038
finetune/logs/run_v2_20260814_113444/B_facts.seed47.train.log,B_facts,47,20,0.2009,0.4406,7.38e-05,0.2084,127300.0,0.9409,1.093
finetune/logs/run_v2_20260814_113444/B_facts.seed47.train.log,B_facts,47,21,0.2326,0.4029,7.116e-05,0.2274,133700.0,0.9338,1.148
finetune/logs/run_v2_20260814_113444/B_facts.seed47.train.log,B_facts,47,22,0.2797,0.4058,6.845e-05,0.2527,140100.0,0.9337,1.202
finetune/logs/run_v2_20260814_113444/B_facts.seed47.train.log,B_facts,47,23,0.2889,0.8143,6.568e-05,0.2965,146500.0,0.9196,1.257
finetune/logs/run_v2_20260814_113444/B_facts.seed47.train.log,B_facts,47,24,0.3297,0.5984,6.285e-05,0.2654,152900.0,0.9269,1.311
finetune/logs/run_v2_20260814_113444/B_facts.seed47.train.log,B_facts,47,25,0.366,1.036,5.997e-05,0.3225,159300.0,0.9258,1.366
finetune/logs/run_v2_20260814_113444/B_facts.seed47.train.log,B_facts,47,26,0.3588,0.8735,5.706e-05,0.3441,165600.0,0.9154,1.421
finetune/logs/run_v2_20260814_113444/B_facts.seed47.train.log,B_facts,47,27,0.3183,0.6247,5.413e-05,0.3183,172000.0,0.9307,1.475
finetune/logs/run_v2_20260814_113444/B_facts.seed47.train.log,B_facts,47,28,0.2462,0.5375,5.118e-05,0.2184,178300.0,0.9389,1.53
finetune/logs/run_v2_20260814_113444/B_facts.seed47.train.log,B_facts,47,29,0.2936,0.8574,4.823e-05,0.2655,184600.0,0.9309,1.585
finetune/logs/run_v2_20260814_113444/B_facts.seed47.train.log,B_facts,47,30,0.2908,0.425,4.528e-05,0.2527,191000.0,0.9269,1.639
finetune/logs/run_v2_20260814_113444/B_facts.seed47.train.log,B_facts,47,31,0.2321,0.5878,4.235e-05,0.259,197300.0,0.9351,1.694
finetune/logs/run_v2_20260814_113444/B_facts.seed47.train.log,B_facts,47,32,0.3167,1.041,3.945e-05,0.3065,203600.0,0.9292,1.749
finetune/logs/run_v2_20260814_113444/B_facts.seed47.train.log,B_facts,47,33,0.3019,0.6131,3.658e-05,0.2882,210000.0,0.9257,1.803
finetune/logs/run_v2_20260814_113444/B_facts.seed47.train.log,B_facts,47,34,0.3468,0.6725,3.377e-05,0.257,216400.0,0.935,1.858
finetune/logs/run_v2_20260814_113444/B_facts.seed47.train.log,B_facts,47,35,0.2327,0.5603,3.1e-05,0.2308,222800.0,0.9363,1.913
finetune/logs/run_v2_20260814_113444/B_facts.seed47.train.log,B_facts,47,36,0.3587,0.8928,2.831e-05,0.3327,229200.0,0.9272,1.967
finetune/logs/run_v2_20260814_113444/B_facts.seed47.train.log,B_facts,47,37,0.2088,0.7929,2.568e-05,0.2359,235600.0,0.9434,2.022
finetune/logs/run_v2_20260814_113444/B_facts.seed47.train.log,B_facts,47,38,0.1716,0.7117,2.315e-05,0.1919,241900.0,0.9451,2.077
finetune/logs/run_v2_20260814_113444/B_facts.seed47.train.log,B_facts,47,39,0.2248,0.6824,2.071e-05,0.2584,248300.0,0.9373,2.131
finetune/logs/run_v2_20260814_113444/B_facts.seed47.train.log,B_facts,47,40,0.197,0.4708,1.837e-05,0.1891,254700.0,0.945,2.186
finetune/logs/run_v2_20260814_113444/B_facts.seed47.train.log,B_facts,47,41,0.1659,1.201,1.614e-05,0.1748,261100.0,0.9496,2.24
finetune/logs/run_v2_20260814_113444/B_facts.seed47.train.log,B_facts,47,42,0.1675,1.046,1.402e-05,0.1669,267400.0,0.951,2.295
finetune/logs/run_v2_20260814_113444/B_facts.seed47.train.log,B_facts,47,43,0.2008,0.4284,1.204e-05,0.2047,273800.0,0.9452,2.35
finetune/logs/run_v2_20260814_113444/B_facts.seed47.train.log,B_facts,47,44,0.1713,0.4942,1.018e-05,0.1705,280100.0,0.9535,2.404
finetune/logs/run_v2_20260814_113444/B_facts.seed47.train.log,B_facts,47,45,0.2281,0.5949,8.468e-06,0.2066,286500.0,0.9426,2.459
finetune/logs/run_v2_20260814_113444/B_facts.seed47.train.log,B_facts,47,46,0.2256,0.7202,6.897e-06,0.1941,292900.0,0.9476,2.514
finetune/logs/run_v2_20260814_113444/B_facts.seed47.train.log,B_facts,47,47,0.1658,0.9192,5.477e-06,0.18,299200.0,0.9373,2.568
finetune/logs/run_v2_20260814_113444/B_facts.seed47.train.log,B_facts,47,48,0.1348,0.8274,4.211e-06,0.1531,305600.0,0.9647,2.623
finetune/logs/run_v2_20260814_113444/B_facts.seed47.train.log,B_facts,47,49,0.2021,1.262,3.106e-06,0.202,312000.0,0.9526,2.678
finetune/logs/run_v2_20260814_113444/B_facts.seed47.train.log,B_facts,47,50,0.2061,0.8863,2.164e-06,0.2086,318400.0,0.9426,2.732
finetune/logs/run_v2_20260814_113444/B_facts.seed47.train.log,B_facts,47,51,0.1695,1.213,1.388e-06,0.1752,324700.0,0.9477,2.787
finetune/logs/run_v2_20260814_113444/B_facts.seed47.train.log,B_facts,47,52,0.1829,1.05,7.826e-07,0.1917,331000.0,0.9412,2.842
finetune/logs/run_v2_20260814_113444/B_facts.seed47.train.log,B_facts,47,53,0.1716,0.3208,3.483e-07,0.1615,337500.0,0.9543,2.896
finetune/logs/run_v2_20260814_113444/B_facts.seed47.train.log,B_facts,47,54,0.1704,1.9,8.715e-08,0.1789,343800.0,0.9501,2.951
finetune/logs/run_v2_20260814_113444/B_facts.seed61.train.log,B_facts,61,1,4.448,4.879,5.294e-05,0.4407,6294.0,0.6138,0.05464
finetune/logs/run_v2_20260814_113444/B_facts.seed61.train.log,B_facts,61,2,0.8538,1.615,0.0001,0.7504,12620.0,0.8226,0.1093
finetune/logs/run_v2_20260814_113444/B_facts.seed61.train.log,B_facts,61,3,0.4197,1.351,9.987e-05,0.3691,18960.0,0.9224,0.1639
finetune/logs/run_v2_20260814_113444/B_facts.seed61.train.log,B_facts,61,4,0.545,0.9729,9.958e-05,0.5023,25310.0,0.8951,0.2186
finetune/logs/run_v2_20260814_113444/B_facts.seed61.train.log,B_facts,61,5,0.3736,0.7832,9.911e-05,0.3423,31640.0,0.9109,0.2732
finetune/logs/run_v2_20260814_113444/B_facts.seed61.train.log,B_facts,61,6,0.4302,0.5664,9.847e-05,0.3869,38100.0,0.9089,0.3279
finetune/logs/run_v2_20260814_113444/B_facts.seed61.train.log,B_facts,61,7,0.3994,0.6748,9.766e-05,0.3864,44530.0,0.915,0.3825
finetune/logs/run_v2_20260814_113444/B_facts.seed61.train.log,B_facts,61,8,0.4987,1.189,9.669e-05,0.3525,51000.0,0.9065,0.4372
finetune/logs/run_v2_20260814_113444/B_facts.seed61.train.log,B_facts,61,9,0.4466,0.6248,9.555e-05,0.3876,57440.0,0.9118,0.4918
finetune/logs/run_v2_20260814_113444/B_facts.seed61.train.log,B_facts,61,10,0.3559,0.6297,9.425e-05,0.3096,63850.0,0.9272,0.5464
finetune/logs/run_v2_20260814_113444/B_facts.seed61.train.log,B_facts,61,11,0.3092,0.528,9.28e-05,0.2905,70180.0,0.9348,0.6011
finetune/logs/run_v2_20260814_113444/B_facts.seed61.train.log,B_facts,61,12,0.4178,0.7458,9.12e-05,0.3785,76600.0,0.904,0.6557
finetune/logs/run_v2_20260814_113444/B_facts.seed61.train.log,B_facts,61,13,0.4318,0.3132,8.946e-05,0.3604,82940.0,0.9179,0.7104
finetune/logs/run_v2_20260814_113444/B_facts.seed61.train.log,B_facts,61,14,0.451,1.009,8.758e-05,0.3857,89310.0,0.9092,0.765
finetune/logs/run_v2_20260814_113444/B_facts.seed61.train.log,B_facts,61,15,0.3519,0.3986,8.556e-05,0.3574,95640.0,0.9257,0.8197
finetune/logs/run_v2_20260814_113444/B_facts.seed61.train.log,B_facts,61,16,0.345,0.8188,8.343e-05,0.2846,102100.0,0.9249,0.8743
finetune/logs/run_v2_20260814_113444/B_facts.seed61.train.log,B_facts,61,17,0.5202,0.5705,8.117e-05,0.4571,108300.0,0.8918,0.929
finetune/logs/run_v2_20260814_113444/B_facts.seed61.train.log,B_facts,61,18,0.2519,0.5017,7.881e-05,0.2482,114600.0,0.9345,0.9836
finetune/logs/run_v2_20260814_113444/B_facts.seed61.train.log,B_facts,61,19,0.3054,0.4134,7.635e-05,0.2925,121000.0,0.9324,1.038
finetune/logs/run_v2_20260814_113444/B_facts.seed61.train.log,B_facts,61,20,0.3666,0.9601,7.38e-05,0.3369,127500.0,0.9259,1.093
finetune/logs/run_v2_20260814_113444/B_facts.seed61.train.log,B_facts,61,21,0.3224,0.7513,7.116e-05,0.302,134000.0,0.9203,1.148
finetune/logs/run_v2_20260814_113444/B_facts.seed61.train.log,B_facts,61,22,0.279,0.3608,6.845e-05,0.3019,140300.0,0.9305,1.202
finetune/logs/run_v2_20260814_113444/B_facts.seed61.train.log,B_facts,61,23,0.34,0.5833,6.568e-05,0.3104,146800.0,0.9248,1.257
finetune/logs/run_v2_20260814_113444/B_facts.seed61.train.log,B_facts,61,24,0.2198,1.539,6.285e-05,0.1825,153100.0,0.9413,1.311
finetune/logs/run_v2_20260814_113444/B_facts.seed61.train.log,B_facts,61,25,0.2146,0.686,5.997e-05,0.2063,159300.0,0.934,1.366
finetune/logs/run_v2_20260814_113444/B_facts.seed61.train.log,B_facts,61,26,0.3491,0.3155,5.706e-05,0.2793,165600.0,0.9187,1.421
finetune/logs/run_v2_20260814_113444/B_facts.seed61.train.log,B_facts,61,27,0.296,0.3945,5.413e-05,0.321,172000.0,0.9287,1.475
finetune/logs/run_v2_20260814_113444/B_facts.seed61.train.log,B_facts,61,28,0.2488,0.3816,5.118e-05,0.2514,178300.0,0.9288,1.53
finetune/logs/run_v2_20260814_113444/B_facts.seed61.train.log,B_facts,61,29,0.3542,0.5895,4.823e-05,0.31,184700.0,0.9211,1.585
finetune/logs/run_v2_20260814_113444/B_facts.seed61.train.log,B_facts,61,30,0.2458,0.5483,4.528e-05,0.2321,191100.0,0.9339,1.639
finetune/logs/run_v2_20260814_113444/B_facts.seed61.train.log,B_facts,61,31,0.2966,0.6356,4.235e-05,0.2792,197500.0,0.9293,1.694
finetune/logs/run_v2_20260814_113444/B_facts.seed61.train.log,B_facts,61,32,0.3421,1.028,3.945e-05,0.2911,203900.0,0.9238,1.749
finetune/logs/run_v2_20260814_113444/B_facts.seed61.train.log,B_facts,61,33,0.2757,0.5282,3.658e-05,0.2696,210300.0,0.9363,1.803
finetune/logs/run_v2_20260814_113444/B_facts.seed61.train.log,B_facts,61,34,0.2704,0.3303,3.377e-05,0.2707,216500.0,0.9255,1.858
finetune/logs/run_v2_20260814_113444/B_facts.seed61.train.log,B_facts,61,35,0.2369,0.186,3.1e-05,0.2231,222900.0,0.9379,1.913
finetune/logs/run_v2_20260814_113444/B_facts.seed61.train.log,B_facts,61,36,0.2281,0.2188,2.831e-05,0.2324,229200.0,0.9405,1.967
finetune/logs/run_v2_20260814_113444/B_facts.seed61.train.log,B_facts,61,37,0.1868,1.689,2.568e-05,0.2166,235600.0,0.9542,2.022
finetune/logs/run_v2_20260814_113444/B_facts.seed61.train.log,B_facts,61,38,0.1812,0.6456,2.315e-05,0.2049,242000.0,0.9443,2.077
finetune/logs/run_v2_20260814_113444/B_facts.seed61.train.log,B_facts,61,39,0.1868,1.514,2.071e-05,0.2211,248300.0,0.9419,2.131
finetune/logs/run_v2_20260814_113444/B_facts.seed61.train.log,B_facts,61,40,0.1754,0.8887,1.837e-05,0.177,254800.0,0.9492,2.186
finetune/logs/run_v2_20260814_113444/B_facts.seed61.train.log,B_facts,61,41,0.202,0.3068,1.614e-05,0.2198,261200.0,0.9387,2.24
finetune/logs/run_v2_20260814_113444/B_facts.seed61.train.log,B_facts,61,42,0.1945,0.4345,1.402e-05,0.1715,267500.0,0.9476,2.295
finetune/logs/run_v2_20260814_113444/B_facts.seed61.train.log,B_facts,61,43,0.1413,0.4776,1.204e-05,0.141,273800.0,0.9591,2.35
finetune/logs/run_v2_20260814_113444/B_facts.seed61.train.log,B_facts,61,44,0.1939,0.2057,1.018e-05,0.1837,280200.0,0.9482,2.404
finetune/logs/run_v2_20260814_113444/B_facts.seed61.train.log,B_facts,61,45,0.149,3.569,8.468e-06,0.1522,286500.0,0.9604,2.459
finetune/logs/run_v2_20260814_113444/B_facts.seed61.train.log,B_facts,61,46,0.1831,0.666,6.897e-06,0.1675,293000.0,0.9487,2.514
finetune/logs/run_v2_20260814_113444/B_facts.seed61.train.log,B_facts,61,47,0.1796,1.402,5.477e-06,0.1756,299400.0,0.9501,2.568
finetune/logs/run_v2_20260814_113444/B_facts.seed61.train.log,B_facts,61,48,0.1431,0.7472,4.211e-06,0.1508,305700.0,0.9508,2.623
finetune/logs/run_v2_20260814_113444/B_facts.seed61.train.log,B_facts,61,49,0.19,0.9585,3.106e-06,0.1647,312100.0,0.9533,2.678
finetune/logs/run_v2_20260814_113444/B_facts.seed61.train.log,B_facts,61,50,0.2065,0.6074,2.164e-06,0.2026,318500.0,0.9384,2.732
finetune/logs/run_v2_20260814_113444/B_facts.seed61.train.log,B_facts,61,51,0.2145,1.021,1.388e-06,0.2111,324800.0,0.9445,2.787
finetune/logs/run_v2_20260814_113444/B_facts.seed61.train.log,B_facts,61,52,0.1674,1.589,7.826e-07,0.1732,331100.0,0.9495,2.842
finetune/logs/run_v2_20260814_113444/B_facts.seed61.train.log,B_facts,61,53,0.2069,0.5812,3.483e-07,0.1745,337400.0,0.9444,2.896
finetune/logs/run_v2_20260814_113444/B_facts.seed61.train.log,B_facts,61,54,0.211,1.167,8.715e-08,0.1881,343800.0,0.9379,2.951
finetune/logs/run_v2_20260814_121005/B_facts.seed79.train.log,B_facts,79,1,4.051,4.926,5.294e-05,0.4476,6334.0,0.6294,0.05464
finetune/logs/run_v2_20260814_121005/B_facts.seed79.train.log,B_facts,79,2,0.8764,1.023,0.0001,0.7436,12690.0,0.8343,0.1093
finetune/logs/run_v2_20260814_121005/B_facts.seed79.train.log,B_facts,79,3,0.5005,1.47,9.987e-05,0.3962,19000.0,0.9078,0.1639
finetune/logs/run_v2_20260814_121005/B_facts.seed79.train.log,B_facts,79,4,0.4917,1.052,9.958e-05,0.4734,25420.0,0.9068,0.2186
finetune/logs/run_v2_20260814_121005/B_facts.seed79.train.log,B_facts,79,5,0.406,0.8276,9.911e-05,0.3437,31810.0,0.912,0.2732
finetune/logs/run_v2_20260814_121005/B_facts.seed79.train.log,B_facts,79,6,0.3168,0.3727,9.847e-05,0.3006,38290.0,0.926,0.3279
finetune/logs/run_v2_20260814_121005/B_facts.seed79.train.log,B_facts,79,7,0.4278,1.055,9.766e-05,0.3918,44550.0,0.909,0.3825
finetune/logs/run_v2_20260814_121005/B_facts.seed79.train.log,B_facts,79,8,0.3372,0.4038,9.669e-05,0.3483,51040.0,0.9277,0.4372
finetune/logs/run_v2_20260814_121005/B_facts.seed79.train.log,B_facts,79,9,0.4644,0.9447,9.555e-05,0.3087,57340.0,0.908,0.4918
finetune/logs/run_v2_20260814_121005/B_facts.seed79.train.log,B_facts,79,10,0.3225,0.5187,9.425e-05,0.3373,63670.0,0.9297,0.5464
finetune/logs/run_v2_20260814_121005/B_facts.seed79.train.log,B_facts,79,11,0.2985,0.3687,9.28e-05,0.2935,69990.0,0.9248,0.6011
finetune/logs/run_v2_20260814_121005/B_facts.seed79.train.log,B_facts,79,12,0.3936,0.6619,9.12e-05,0.3538,76300.0,0.9092,0.6557
finetune/logs/run_v2_20260814_121005/B_facts.seed79.train.log,B_facts,79,13,0.3786,0.3387,8.946e-05,0.307,82640.0,0.932,0.7104
finetune/logs/run_v2_20260814_121005/B_facts.seed79.train.log,B_facts,79,14,0.3434,0.3001,8.758e-05,0.3224,88970.0,0.918,0.765
finetune/logs/run_v2_20260814_121005/B_facts.seed79.train.log,B_facts,79,15,0.3877,0.4311,8.556e-05,0.3647,95480.0,0.9197,0.8197
finetune/logs/run_v2_20260814_121005/B_facts.seed79.train.log,B_facts,79,16,0.4518,0.8192,8.343e-05,0.4303,101900.0,0.9075,0.8743
finetune/logs/run_v2_20260814_121005/B_facts.seed79.train.log,B_facts,79,17,0.5621,0.5405,8.117e-05,0.423,108300.0,0.9045,0.929
finetune/logs/run_v2_20260814_121005/B_facts.seed79.train.log,B_facts,79,18,0.3876,0.6489,7.881e-05,0.3501,114600.0,0.9211,0.9836
finetune/logs/run_v2_20260814_121005/B_facts.seed79.train.log,B_facts,79,19,0.4282,0.3114,7.635e-05,0.3787,120900.0,0.9177,1.038
finetune/logs/run_v2_20260814_121005/B_facts.seed79.train.log,B_facts,79,20,0.2836,0.434,7.38e-05,0.3133,127300.0,0.9336,1.093
finetune/logs/run_v2_20260814_121005/B_facts.seed79.train.log,B_facts,79,21,0.2563,0.5656,7.116e-05,0.2799,133600.0,0.9409,1.148
finetune/logs/run_v2_20260814_121005/B_facts.seed79.train.log,B_facts,79,22,0.3652,0.7005,6.845e-05,0.283,140100.0,0.9314,1.202
finetune/logs/run_v2_20260814_121005/B_facts.seed79.train.log,B_facts,79,23,0.2184,0.5513,6.568e-05,0.2107,146600.0,0.9512,1.257
finetune/logs/run_v2_20260814_121005/B_facts.seed79.train.log,B_facts,79,24,0.3475,0.7022,6.285e-05,0.2856,152900.0,0.9176,1.311
finetune/logs/run_v2_20260814_121005/B_facts.seed79.train.log,B_facts,79,25,0.3203,0.7211,5.997e-05,0.3106,159200.0,0.9269,1.366
finetune/logs/run_v2_20260814_121005/B_facts.seed79.train.log,B_facts,79,26,0.3693,1.233,5.706e-05,0.3233,165600.0,0.9144,1.421
finetune/logs/run_v2_20260814_121005/B_facts.seed79.train.log,B_facts,79,27,0.2239,0.3535,5.413e-05,0.2404,171900.0,0.9408,1.475
finetune/logs/run_v2_20260814_121005/B_facts.seed79.train.log,B_facts,79,28,0.2169,0.6566,5.118e-05,0.2073,178200.0,0.9435,1.53
finetune/logs/run_v2_20260814_121005/B_facts.seed79.train.log,B_facts,79,29,0.4018,0.7356,4.823e-05,0.3405,184600.0,0.9157,1.585
finetune/logs/run_v2_20260814_121005/B_facts.seed79.train.log,B_facts,79,30,0.3007,1.161,4.528e-05,0.26,190900.0,0.9367,1.639
finetune/logs/run_v2_20260814_121005/B_facts.seed79.train.log,B_facts,79,31,0.243,0.9374,4.235e-05,0.237,197400.0,0.9369,1.694
finetune/logs/run_v2_20260814_121005/B_facts.seed79.train.log,B_facts,79,32,0.245,0.532,3.945e-05,0.2532,203700.0,0.9296,1.749
finetune/logs/run_v2_20260814_121005/B_facts.seed79.train.log,B_facts,79,33,0.2119,0.248,3.658e-05,0.2246,210100.0,0.9466,1.803
finetune/logs/run_v2_20260814_121005/B_facts.seed79.train.log,B_facts,79,34,0.2623,0.4577,3.377e-05,0.2552,216400.0,0.9343,1.858
finetune/logs/run_v2_20260814_121005/B_facts.seed79.train.log,B_facts,79,35,0.2909,0.7204,3.1e-05,0.2386,222800.0,0.9269,1.913
finetune/logs/run_v2_20260814_121005/B_facts.seed79.train.log,B_facts,79,36,0.3317,2.075,2.831e-05,0.2568,229200.0,0.9209,1.967
finetune/logs/run_v2_20260814_121005/B_facts.seed79.train.log,B_facts,79,37,0.2446,0.5972,2.568e-05,0.2663,235600.0,0.9419,2.022
finetune/logs/run_v2_20260814_121005/B_facts.seed79.train.log,B_facts,79,38,0.2082,0.6983,2.315e-05,0.2814,241900.0,0.9386,2.077
finetune/logs/run_v2_20260814_121005/B_facts.seed79.train.log,B_facts,79,39,0.2303,0.6744,2.071e-05,0.2404,248400.0,0.9461,2.131
finetune/logs/run_v2_20260814_121005/B_facts.seed79.train.log,B_facts,79,40,0.1503,0.4235,1.837e-05,0.1646,254800.0,0.9494,2.186
finetune/logs/run_v2_20260814_121005/B_facts.seed79.train.log,B_facts,79,41,0.1576,0.7245,1.614e-05,0.1651,261100.0,0.9561,2.24
finetune/logs/run_v2_20260814_121005/B_facts.seed79.train.log,B_facts,79,42,0.2467,2.446,1.402e-05,0.2015,267400.0,0.9361,2.295
finetune/logs/run_v2_20260814_121005/B_facts.seed79.train.log,B_facts,79,43,0.1546,0.7703,1.204e-05,0.1697,273700.0,0.9537,2.35
finetune/logs/run_v2_20260814_121005/B_facts.seed79.train.log,B_facts,79,44,0.2284,0.4592,1.018e-05,0.2259,280000.0,0.9371,2.404
finetune/logs/run_v2_20260814_121005/B_facts.seed79.train.log,B_facts,79,45,0.1655,0.5132,8.468e-06,0.1891,286300.0,0.9505,2.459
finetune/logs/run_v2_20260814_121005/B_facts.seed79.train.log,B_facts,79,46,0.2056,1.056,6.897e-06,0.1886,292700.0,0.9461,2.514
finetune/logs/run_v2_20260814_121005/B_facts.seed79.train.log,B_facts,79,47,0.1367,0.4647,5.477e-06,0.1433,299100.0,0.9595,2.568
finetune/logs/run_v2_20260814_121005/B_facts.seed79.train.log,B_facts,79,48,0.1917,0.4718,4.211e-06,0.1973,305400.0,0.9501,2.623
finetune/logs/run_v2_20260814_121005/B_facts.seed79.train.log,B_facts,79,49,0.192,0.3273,3.106e-06,0.1776,311900.0,0.9494,2.678
finetune/logs/run_v2_20260814_121005/B_facts.seed79.train.log,B_facts,79,50,0.1544,0.4522,2.164e-06,0.1696,318200.0,0.9597,2.732
finetune/logs/run_v2_20260814_121005/B_facts.seed79.train.log,B_facts,79,51,0.2383,1.142,1.388e-06,0.225,324600.0,0.938,2.787
finetune/logs/run_v2_20260814_121005/B_facts.seed79.train.log,B_facts,79,52,0.1865,0.6331,7.826e-07,0.1781,331000.0,0.9445,2.842
finetune/logs/run_v2_20260814_121005/B_facts.seed79.train.log,B_facts,79,53,0.1915,1.523,3.483e-07,0.1832,337400.0,0.9517,2.896
finetune/logs/run_v2_20260814_121005/B_facts.seed79.train.log,B_facts,79,54,0.2072,1.684,8.715e-08,0.2126,343900.0,0.9361,2.951
